NO_MUNICIPIO_ESC;Presente;Total_Alunos
Salvador;7641;10500
Santana de Parnaíba;462;906
Feira de Santana;1848;2458
Itapiranga;67;149
Oeiras;206;259
Várzea Grande;610;1082
Cunha;16;42
Itaguaí;321;529
Brasília;14282;19840
Redenção;540;985
Buriti dos Lopes;57;102
Belo Horizonte;8365;11826
Guarapari;400;606
Rio de Janeiro;18506;26431
Nova Palma;19;26
Maceió;3749;5070
Aracruz;420;636
Rio do Sul;245;408
Fortaleza;14896;27783
Blumenau;742;1475
Curitiba;6670;9868
João Câmara;138;173
Oliveira;132;183
Aracaju;3167;4110
João Pessoa;4007;5005
Sorocaba;1646;2746
Camaçari;572;885
Porto Velho;1521;2958
Parnaíba;663;910
Colatina;568;823
Embu das Artes;374;780
Paulista;1128;1615
Macapá;1438;2277
Altamira;390;600
Aparecida de Goiânia;1439;2538
Vitória;2112;2929
São Luís;4827;6573
Nova Friburgo;524;816
Piracicaba;1072;1689
Apuiarés;110;149
Prado;45;93
Recife;7741;10735
Montes Claros;1476;2014
Anápolis;1277;2310
Paracatu;277;423
São Paulo;23586;38277
Timon;574;865
Glória;26;31
Caicó;377;470
Bacabeira;77;112
Petrolina;1472;2186
Linhares;578;901
Marília;477;849
Santarém;942;1500
Magé;356;715
Juazeiro do Norte;1682;3185
Jataí;519;804
Acopiara;266;447
Teresina;4398;5776
Manaus;7638;17120
Senador Pompeu;169;267
São José dos Campos;2400;3704
Mossoró;1248;1620
Barcarena;240;408
Rio Grande;654;953
Iguatu;615;1135
Trindade;421;982
Macaé;736;1192
Nossa Senhora do Socorro;250;653
Natal;3533;4519
Maracanaú;1060;2837
Itaperuna;244;453
Diadema;844;1516
Rondonópolis;631;996
Dom Pedro;52;102
Vitória de Santo Antão;458;731
São Gonçalo;1755;2749
São Luiz Gonzaga;113;178
Mutum;43;68
Caiana;4;12
Puxinanã;29;59
Esperança;122;168
Apodi;190;250
Araruama;304;498
Monteiro;111;181
Caucaia;1163;3245
Propriá;86;153
Jaú;400;623
Taubaté;749;1403
Posse;136;267
Serra;1026;1736
Santa Luzia;510;889
Vila Velha;1627;2362
Feira Grande;53;87
Caraúbas;24;37
Petrópolis;1016;1492
Currais Novos;308;370
Boa Viagem;310;663
Duque de Caxias;1618;2732
Senador Canedo;229;472
Caririaçu;160;347
Sinop;591;900
Sete Lagoas;612;888
Dom Pedrito;49;74
Banabuiú;77;200
Uberlândia;2165;3069
Sertãozinho;421;701
Caçapava;189;350
Patos;532;711
Carapicuíba;422;846
General Sampaio;20;114
Goiânia;6061;8920
Bragança Paulista;439;763
Teutônia;87;133
Pinhais;334;570
Limeira;835;1309
Gravataí;523;872
Niterói;2364;3102
Araraquara;624;955
Sanclerlândia;5;26
Indaiatuba;560;913
Fazenda Rio Grande;174;344
Rio das Ostras;491;770
Jardim;238;493
Franca;998;1766
Lorena;271;436
Serranópolis de Minas;8;10
Itaquaquecetuba;338;659
Xaxim;40;67
Campo Bom;106;213
Mogi das Cruzes;1360;2209
Casimiro de Abreu;87;173
Salgadinho;34;56
Suzano;843;1429
Jaboatão dos Guararapes;1492;2485
Governador Valadares;717;1050
São José do Rio Preto;1375;2206
Colina;23;44
Abaetetuba;590;850
Santa Bárbara d'Oeste;277;536
Guarujá;473;999
Coité do Nóia;23;48
Canoas;742;1258
Araçuaí;103;146
Morada Nova;323;597
Divinópolis;872;1214
Santana do Ipanema;157;237
Volta Redonda;754;1246
Taboão da Serra;683;1116
Macieira;3;4
Anajatuba;28;97
Brejo Santo;328;634
Caruaru;1172;1773
Campo Novo do Parecis;105;186
Ponte Nova;159;220
Casa Branca;49;113
Santos;1365;2271
Ouro Verde;15;31
Campina Grande;2123;2625
Pelotas;1037;1427
São Domingos;68;125
Pradópolis;32;71
Joinville;1401;2578
Salgueiro;266;467
Breu Branco;57;128
Dois Vizinhos;121;205
Uruçuí;91;118
Mogi Mirim;235;405
Santa Maria;1116;1402
Santa Inês;437;666
Belém;6648;9137
São João de Pirabas;34;62
Piripiri;236;345
Guarulhos;2757;4689
Valença;450;667
Paragominas;368;575
Cajamar;185;335
Santa Cruz do Capibaribe;281;469
Assis;252;449
Rio Pomba;90;111
Campo Grande;3068;4767
Bom Conselho;89;151
Tapira;12;20
Guaratinguetá;275;482
Curimatá;25;43
Jaraguá do Sul;400;715
Itapaci;81;202
Marituba;301;534
Juazeiro;668;991
Camaragibe;645;1104
Arapiraca;954;1226
Tubarão;341;572
Jequié;542;759
Jericó;13;40
São João do Piauí;68;102
Presidente Prudente;797;1221
Campos Novos;80;115
Tijucas;68;141
Passo Fundo;460;740
Teodoro Sampaio;77;117
Ribeirão Preto;2298;3087
Concórdia do Pará;69;101
Apiaí;63;109
Itapajé;577;841
Santa Cruz da Baixa Verde;28;48
Fervedouro;13;24
Seropédica;263;417
Contagem;1423;2248
Itambé;156;232
Luzerna;72;97
Caxias do Sul;830;1537
Matinha;57;82
Santo André;2410;3826
Porto Alegre;3660;5650
Araguaína;545;1055
Rio Real;78;110
Santa Cruz Cabrália;26;56
Ilhéus;523;727
Barueri;1323;2114
Beberibe;325;679
Barreiras;685;904
São João Nepomuceno;68;76
Teixeira de Freitas;359;471
Serra Branca;36;58
Giruá;8;22
Poranga;76;175
Betim;748;1254
Itapipoca;999;1959
Santana;511;798
Cuiabá;2641;3809
Guará;30;41
São João dos Patos;123;167
Araguatins;169;290
Nova Iguaçu;1738;2940
São Bernardo do Campo;2105;3250
Buenos Aires;40;87
Osasco;1533;2303
Alegrete;168;238
Votorantim;241;426
Baía da Traição;19;32
Tuparetama;29;74
Imperatriz;1183;1673
Guarantã do Norte;51;129
Assaré;157;394
Dourados;756;1218
Princesa Isabel;67;116
Erechim;289;469
Poço Fundo;34;48
Vianópolis;29;67
Ouriçangas;15;16
Senador Salgado Filho;5;8
Feliz;34;67
Cascavel;1384;2508
Ipirá;99;149
Hortolândia;568;994
Mineiros;137;454
Anchieta;113;176
Paranaíba;102;154
Americana;704;1173
Orizona;20;57
Itaboraí;410;706
Barra de Santa Rosa;33;62
Paranavaí;313;481
Catalão;367;603
Santa Gertrudes;31;64
Pentecoste;286;512
Araripe;130;262
Fraiburgo;65;93
Nazaré da Mata;249;353
Parauapebas;541;980
Concórdia;249;396
Angra dos Reis;354;639
Cascalho Rico;6;12
Camocim;386;910
Itaitinga;202;472
Frei Paulo;22;48
Itumbiara;441;980
Mongaguá;107;195
Bebedouro;231;408
Boa Nova;16;25
Lajedo;170;281
Paulo Jacinto;9;20
Viana;198;328
Colinas do Tocantins;116;237
Alagoinhas;344;488
Piraí;14;32
Lavras;489;621
Carpina;319;454
Venda Nova do Imigrante;208;279
Itabirito;106;173
Torres;85;131
Araras;263;520
Niquelândia;141;270
Urussanga;26;69
Belford Roxo;346;719
Goianésia;270;585
Vigia;131;210
São Caetano do Sul;851;1333
Bagé;357;502
Birigui;309;564
Lins;151;278
Aurora;201;286
Peruíbe;179;315
São Vicente;463;1022
Picos;496;612
Alcântara;39;67
Teresópolis;381;685
Boa Vista;1112;2028
Baraúna;68;110
Petrolândia;83;172
Novo Hamburgo;592;986
Taquarituba;63;117
Osório;165;248
Itajaí;492;1004
Paulo Afonso;517;733
Santo Amaro da Imperatriz;63;96
Una;19;27
Andaraí;25;39
Batatais;199;293
Campo Largo;300;478
Ourinhos;283;497
Engenheiro Paulo de Frontin;30;48
Vitória da Conquista;1246;1650
São Pedro da Aldeia;165;316
São José dos Pinhais;694;1192
Marechal Floriano;56;63
Cajazeiras;393;575
São Gonçalo do Amarante;693;1154
Miguel Calmon;56;95
São Félix de Balsas;3;9
Canhoba;7;15
Estrela d'Oeste;12;25
Floresta;94;183
Louveira;48;141
Alvorada D'Oeste;27;60
Pacatuba;327;749
Cândido Sales;53;84
Guarabira;382;485
Itapeva;312;633
Santa Teresa;114;147
Luisburgo;5;10
Itu;404;708
Leme;190;357
Trairi;322;572
Nossa Senhora da Glória;140;206
Chapecó;639;1110
Araçatuba;430;873
Palhoça;390;661
Piatã;34;83
Barbalha;263;664
Cotia;734;1210
Poá;277;548
Ourilândia do Norte;63;127
Nova Viçosa;54;95
Junqueiro;93;121
Sertânia;98;148
Carlos Barbosa;61;104
Araquari;178;275
Antônio Carlos;43;62
São Mateus do Maranhão;33;64
Sobral;1391;2581
Juiz de Fora;1906;2530
Criciúma;612;1008
Promissão;105;176
Pau dos Ferros;220;281
Pesqueira;180;359
Marechal Deodoro;143;223
Cajuru;45;77
Londrina;1730;2433
Teófilo Otoni;410;569
Cacoal;302;811
Maria da Fé;55;79
Almirante Tamandaré;50;162
Aiuruoca;4;11
Elói Mendes;42;80
Nova Olinda do Maranhão;10;20
Buriticupu;144;236
Campinas;2590;4323
Charqueadas;121;187
Francisco Morato;171;360
Sousa;374;466
Itabira;260;342
Avaré;199;375
Jaguaribara;60;190
Araucária;355;599
Iguaba Grande;89;145
Capão Bonito;139;277
Ibiá;30;51
Castilho;22;51
Viçosa;640;771
Camboriú;202;329
Guaíba;241;370
São Pedro do Piauí;30;43
Capinzal do Norte;18;31
Pancas;43;68
Mirassol d'Oeste;78;121
Penápolis;136;254
Bálsamo;7;20
Russas;340;788
São João da Barra;42;91
Faina;19;43
Pinheiros;55;119
São Caitano;91;185
Rio Largo;253;416
Maranguape;481;1206
Horizonte;282;815
Monsenhor Gil;21;30
São Lourenço da Mata;260;422
São Cristóvão;158;284
Barracão;61;78
Mangaratiba;32;83
Satuba;78;109
Dracena;125;220
Piracuruca;104;180
Santo Antônio de Pádua;138;196
Itacaré;21;76
Ibiporã;146;229
Paripiranga;97;129
Jaboticatubas;29;49
Prado Ferreira;2;4
Simplício Mendes;37;108
Cocal do Sul;28;50
Itarema;314;651
Santo Amaro das Brotas;15;35
Muriaé;333;488
Mauá;787;1439
Parnamirim;1033;1440
Viamão;355;625
Passos;379;532
Osvaldo Cruz;82;149
Pinheiro;247;390
Maricá;338;547
Itatiba;281;457
Aliança;101;174
Bragança;280;394
Matão;255;486
Santo Ângelo;251;345
Campo Mourão;328;507
Bento Gonçalves;266;414
Pirambu;14;32
Alagoinha do Piauí;16;36
Mambaí;22;60
São Francisco;111;181
Vilhena;246;802
Santa Cruz;240;316
Boa Esperança;158;257
Aquiraz;387;953
José de Freitas;60;98
Japeri;102;230
Abreu e Lima;212;405
Jaborá;12;14
Boquim;91;117
Carmo do Rio Verde;22;53
Jaguaribe;236;420
Olinda;1072;1560
Varginha;386;548
São Miguel do Araguaia;65;131
Marabá;1006;1465
Maringá;1288;1946
Campo Alegre;79;154
Tefé;117;572
Rondon do Pará;31;57
Pitangueiras;59;106
Tatuí;280;511
Sapucaia do Sul;249;459
Pouso Alegre;382;629
Rurópolis;27;87
Catolé do Rocha;216;293
Santa Luzia do Paruá;40;67
Caratinga;206;305
José Bonifácio;75;134
Canto do Buriti;41;62
Juruaia;10;22
Damião;16;31
Jaboticabal;265;368
Presidente Dutra;161;293
Serra Talhada;248;491
Candiba;35;41
Serrana;90;138
Mogi Guaçu;294;577
Brasileira;11;25
Montenegro;110;188
Pombal;112;165
Catanduva;398;606
Cataguases;119;180
Bela Vista do Piauí;10;21
Franco da Rocha;188;365
Palestina;21;41
Bandeirantes;113;174
Capela;121;280
São Bento do Sul;206;337
Altinho;76;125
Ananindeua;1809;2619
Cândido de Abreu;19;40
Nova Cruz;235;283
Sales Oliveira;3;9
Adamantina;86;174
Itapira;138;231
Barras;164;220
Frederico Westphalen;114;161
Rio Verde;487;1224
Iguape;72;128
Palmeira dos Índios;354;534
Boqueirão;51;66
Açailândia;355;530
Pedregulho;21;51
Mamanguape;170;244
Palmas;1395;2125
Padre Paraíso;9;21
Porangatu;106;364
Nanuque;38;70
Bom Jesus;132;201
Gaspar;109;243
Amparo;189;330
Crato;701;1397
Bom Jesus do Itabapoana;175;254
Heitoraí;7;27
Floreal;7;12
Santa Cruz do Sul;285;442
Piratuba;10;20
Campos dos Goytacazes;1031;1697
Ibirarema;7;15
Belo Jardim;240;380
Anicuns;38;110
Itapetininga;450;736
Brasiléia;26;54
Taquaritinga;158;269
Lauro de Freitas;721;968
Ibirité;155;311
Conceição do Coité;157;198
São Félix do Coribe;13;27
Jacobina;297;487
Acaraú;381;811
Afonso Bezerra;21;31
Barbacena;412;657
Piúma;117;174
Pereiro;126;176
Pão de Açúcar;20;37
Macajuba;24;86
Capixaba;18;38
Ulianópolis;36;58
Itanhaém;211;421
Monte Mor;94;164
Natividade;32;84
Vicência;62;143
Porto Acre;26;51
Canguaretama;125;174
Águas Lindas de Goiás;334;710
São João de Meriti;897;1563
Araxá;264;425
Mantena;33;63
Guanambi;390;481
Simões Filho;265;411
Barra Mansa;343;567
Várzea da Roça;28;43
Sumaré;389;857
Cruzeiro do Sul;431;593
Umuarama;345;535
Ipubi;48;134
Cachoeirinha;334;563
Brazópolis;42;72
Queimados;267;452
Mococa;259;405
Vassouras;83;150
Piranhas;99;193
Vieirópolis;12;19
Floriano;401;508
Serro;24;44
Águia Branca;40;60
Itabuna;531;823
Valente;64;84
Porto Seguro;335;528
Nova Venécia;167;244
Charqueada;9;34
Campo Verde;158;257
Jacinto;7;14
Paulistana;79;104
Campos do Jordão;65;143
Itaporanga;190;281
Glória do Goitá;67;108
Biguaçu;118;182
Santa Fé do Sul;59;137
Grão Pará;11;24
Novo Oriente;194;390
São João da Boa Vista;324;490
Coronel Fabriciano;195;323
Quipapá;42;117
Tanque Novo;42;50
Canoinhas;164;270
Igarapava;54;104
São Raimundo Nonato;165;210
Lauro Müller;14;45
Otacílio Costa;13;41
Quixeramobim;488;1032
Itapecerica da Serra;325;604
Nilópolis;544;868
São Roque do Canaã;33;44
Ouro Preto;286;410
Nazaré;80;111
Casa Nova;26;49
Crisópolis;33;44
Pindaré-Mirim;85;151
Queimadas;77;121
Luziânia;424;872
Macatuba;17;46
São Simão;62;123
Tartarugalzinho;11;24
Coroatá;148;266
Sorriso;252;441
Rio Branco;1426;2023
Penha;37;95
Ouro Branco;222;304
Sant'Ana do Livramento;220;343
Ilha das Flores;2;24
Vitor Meireles;6;9
Xique-Xique;53;106
Igarapé Grande;21;43
São Domingos do Prata;26;37
Itápolis;93;189
Timbiras;83;132
Divino;19;41
Ceres;187;255
Aracati;407;806
Dormentes;47;141
Sucupira do Norte;21;37
Ibimirim;35;79
Brejões;8;16
Buritis;96;188
Ponte Alta do Tocantins;13;31
Garopaba;87;129
Jacundá;89;132
Patos de Minas;465;708
Matinhos;62;107
Armação dos Búzios;52;114
Bocaiúva;112;152
Ituverava;132;193
Turmalina;55;86
Igarapé;60;109
Itupeva;98;195
Gurupi;234;500
Nova Floresta;8;24
Itaituba;232;394
Santa Rita do Sapucaí;64;150
Alto Alegre dos Parecis;20;42
Luís Gomes;13;24
Vazante;51;70
Mombaça;205;526
Nova Odessa;151;260
Gravatá;204;354
Sacramento;32;63
Araújos;16;31
Manaíra;7;30
Crateús;546;1000
Arapongas;274;443
Granito;17;44
Missão Velha;185;393
Castelo do Piauí;55;77
Barretos;301;481
Tejuçuoca;74;156
Cachoeiro de Itapemirim;711;1049
Palmital;74;145
São Paulo do Potengi;126;151
Coremas;42;103
Garanhuns;600;853
Lagarto;299;452
Nova Esperança do Piriá;25;47
Palmares;200;401
Joaçaba;87;141
Guaramirim;49;86
Ibipitanga;36;53
Botucatu;428;651
Igrejinha;38;76
Caçador;154;268
Capão da Canoa;93;188
Castelo;85;113
Novo Horizonte;142;222
Tamboril;138;312
Três Rios;289;433
Elesbão Veloso;50;114
Catas Altas da Noruega;3;7
Colombo;259;501
Ribeira do Pombal;146;200
Águas Vermelhas;21;30
Ijuí;237;333
Quirinópolis;116;248
Florianópolis;1961;2668
Mata de São João;40;91
Sebastião Barros;8;14
Condado;106;216
Nova Londrina;30;51
São Sebastião do Passé;55;77
Brotas;42;93
Nova Russas;224;386
Urandi;16;25
Jucurutu;32;46
Alpestre;12;19
Planaltina;266;841
Timbó;62;164
Monte Carmelo;116;174
Wall Ferraz;22;29
Chorozinho;91;262
Vargem;12;17
Alegre;189;269
Tobias Barreto;160;239
Granjeiro;36;106
Ingá;87;148
Ipanguaçu;90;120
Arujá;226;396
Jordão;10;19
Registro;261;402
Ibatiba;108;144
Muniz Ferreira;7;11
Silvânia;76;167
Mirassol;146;264
Sombrio;78;142
Conceição da Barra;45;89
Conchas;44;81
Chaval;82;147
Santa Maria da Vitória;117;209
Ibitinga;96;224
Santa Maria do Pará;33;69
São Miguel do Guamá;96;144
São Miguel;37;76
Cianorte;181;307
Curvelo;224;316
Quissamã;62;86
Central do Maranhão;5;11
Milhã;61;165
Anajás;30;53
São João;35;128
Brusque;232;455
Pilar do Sul;84;126
Ubaitaba;29;39
Água Branca;149;273
Goiana;283;554
Antônio Almeida;6;9
São Marcos;31;64
Irecê;405;520
Novo Machado;7;10
Conceição do Araguaia;165;246
Feira Nova;100;214
Pedreiras;162;221
Resende;361;577
Porto Alegre do Norte;6;19
Imbituba;84;151
Aurora do Pará;39;55
Balneário Camboriú;329;562
Cachoeira do Sul;212;278
Lambari;36;69
Marmelópolis;10;16
Palmácia;144;197
Caravelas;39;84
Ipatinga;796;1166
Monsenhor Tabosa;142;374
Juína;109;213
Domingos Martins;78;125
Riachão do Jacuípe;99;142
Presidente Venceslau;95;156
Pontalina;57;164
Caxias;436;686
Venâncio Aires;131;198
Eunápolis;325;493
Cachoeira dos Índios;14;32
Pedrinhas;34;60
Irará;58;70
Penedo;161;276
Campo Maior;258;334
Solânea;54;96
Ampére;53;76
Catende;48;146
Cachoeira;66;96
Macaíba;168;233
Jacaraú;52;68
Benedito Novo;8;14
Encanto;21;31
São João do Paraíso;60;89
Ribeirópolis;45;77
Riachão;37;71
Iracemápolis;19;66
Uruguaiana;316;482
Damianópolis;22;29
Santa Rita de Caldas;4;9
Rolante;18;55
Foz do Iguaçu;903;1354
Porteirinha;113;150
Cabo Frio;451;781
Papagaios;18;30
Toritama;66;161
Jundiaí;1445;2262
Juruti;92;185
Fama;3;5
Peixe;12;36
Novo Repartimento;83;156
Bacabal;356;538
Benevides;180;393
Ribeirão das Neves;420;758
Dias d'Ávila;143;219
Ibitirama;17;23
Pará de Minas;179;313
Itabaiana;465;583
Arcoverde;233;406
Tabira;91;200
Cezarina;8;36
Cristalina;124;278
Luzilândia;64;88
Santa Rita;277;485
Maracaju;128;189
Andradina;147;238
Cássia;26;42
São Mateus;399;568
Araci;55;80
Porto Franco;98;147
Uberaba;834;1432
Serrinha;249;333
Cubatão;299;532
Santa Rosa;243;370
Rio Bonito;119;178
Pitimbu;16;52
São João del Rei;286;389
Rio Verde de Mato Grosso;31;66
Telêmaco Borba;145;268
Uiraúna;29;41
Coruripe;134;244
Araripina;145;316
Esteio;150;258
Schroeder;19;50
São Joaquim de Bicas;26;54
Presidente Bernardes;44;69
Formosa;422;784
Bombinhas;26;81
Araioses;40;75
Jucati;31;69
Caldas Novas;288;687
Meruoca;79;180
Guanhães;59;106
Aiuaba;33;114
Jacareí;493;767
Alvorada;282;549
Machado;170;226
Igaci;31;89
Messias;29;57
Viçosa do Ceará;345;903
Caarapó;54;120
Montanhas;4;18
Uruaçu;181;304
Almenara;138;189
Nova Colinas;20;38
Paço do Lumiar;257;382
Carmo do Cajuru;17;37
Independência;178;310
Bodó;4;6
São Carlos;897;1212
Barra;56;96
Boa Vista da Aparecida;11;21
Abaeté;47;66
Conselheiro Lafaiete;361;512
Pacoti;58;119
Santana do Araguaia;30;81
Castanhal;734;1084
Fortaleza dos Nogueiras;62;92
São José do Rio Pardo;162;240
Teixeira;20;31
Matriz de Camaragibe;33;62
Iracema;86;208
Mossâmedes;23;43
Entre-Ijuís;4;12
Sardoá;10;14
Iperó;17;66
Araranguá;190;275
Quaraí;39;66
Reriutaba;219;303
São Francisco do Sul;100;189
Ponta Grossa;995;1573
Uruoca;73;175
União dos Palmares;134;225
Toledo;472;705
Porto União;117;205
Canindé de São Francisco;35;73
Surubim;228;324
Itauçu;15;40
Palmeira das Missões;94;137
Ipameri;87;174
Muzambinho;104;143
São Roque;254;409
Salinas;177;242
Cachoeiras de Macacu;106;191
Paudalho;142;262
Oriximiná;151;302
Barão de Monte Alto;7;21
Primavera do Leste;198;340
Nhamundá;59;288
Cassilândia;51;73
São Domingos do Norte;11;37
Parelhas;92;116
Paraíso do Tocantins;171;297
Itapevi;305;621
Chupinguaia;6;61
Descalvado;57;110
Moju;107;193
Tauá;267;600
Pires do Rio;112;180
Itacoatiara;306;1060
Amargosa;125;147
Praia Norte;12;52
Curralinhos;1;2
Eldorado do Carajás;27;62
Barrinha;37;74
São Geraldo do Araguaia;40;66
Unaí;211;355
Governador Dix-Sept Rosado;15;26
Bariri;110;156
Videira;165;280
Nova Veneza;26;81
Icó;359;658
Conceição;59;110
Alfenas;241;357
Macaúbas;124;177
Ji-Paraná;347;849
Acarape;59;83
Coronel Murta;5;12
Bom Despacho;122;187
Bom Sucesso;52;86
Tarauacá;91;152
Groaíras;59;144
Mundo Novo;80;238
Pacajus;437;889
Porto de Moz;48;98
Tapera;14;22
Alagoinha;54;97
Jaguariúna;92;179
Chapadinha;194;265
Timóteo;305;396
Florestal;138;158
Embu-Guaçu;152;289
Pato Branco;397;520
Rancharia;84;141
Vargem Grande Paulista;122;208
Diamante;23;37
Godofredo Viana;6;17
Augusto de Lima;4;6
Cachoeira do Arari;27;58
Cariacica;888;1437
Coronel Macedo;5;16
Ferraz de Vasconcelos;270;458
João Monlevade;243;344
Virgem da Lapa;8;24
Tuntum;52;93
São Gabriel;125;192
Espigão D'Oeste;73;229
Cocal;63;117
Fernandópolis;154;266
Balsas;320;502
Touros;41;55
Quatá;23;52
Campo Alegre de Lourdes;20;29
Itabaianinha;103;307
Alagoa Nova;41;58
Verê;24;34
Restinga Sêca;12;20
Jussara;134;214
São Sebastião;240;499
Tailândia;85;198
Cajazeirinhas;9;22
Pedro do Rosário;6;17
Estação;11;17
Poços de Caldas;394;646
Iranduba;72;211
Guapimirim;76;135
Garça;114;215
São José;752;1098
Cacimbas;10;13
Barreiros;145;261
Três Ranchos;5;16
Passa Sete;11;13
Peixe-Boi;16;25
Morrinhos;279;582
Barra do Corda;161;292
General Salgado;18;38
Patrocínio;243;380
São Pedro dos Crentes;9;20
Ipeúna;20;28
Caraúbas do Piauí;4;7
Tocantinópolis;63;106
São Vicente Férrer;41;134
Catu;135;181
Ipueiras;251;449
Marapanim;30;124
Três Pontas;127;185
Barra do Piraí;113;207
Caetité;161;211
Taquara;204;335
Parambu;177;408
Viseu;37;103
Massapê;264;586
Belmiro Braga;6;8
Córrego do Bom Jesus;24;34
João Alfredo;120;198
Poções;119;171
Itaberaí;135;349
Conceição do Lago-Açu;5;25
Navegantes;146;303
Carnaíba;69;120
Presidente Epitácio;110;171
Espera Feliz;39;63
Parobé;34;97
Paraíso;15;34
Vacaria;114;176
Corrente;120;150
Gilbués;18;34
Antônio Prado;35;48
Cedro;227;428
Ouvidor;3;20
Ijaci;18;29
Beruri;15;75
Simão Dias;143;221
Macambira;11;14
Santo Antônio de Lisboa;12;16
Ipaussu;45;88
Paranaguá;405;706
Paraíba do Sul;53;89
Fazenda Nova;21;32
Coreaú;129;308
Brasilândia;21;41
Moreilândia;21;78
Vera;8;12
Lastro;11;27
Urbano Santos;47;73
Lavras da Mangabeira;176;349
Delmiro Gouveia;191;287
Jaguaruana;285;431
Saquarema;227;354
Bauru;924;1497
Demerval Lobão;26;48
Grajaú;221;443
Serra Azul;13;20
Orobó;83;156
Quixadá;354;919
Jardim de Piranhas;23;43
Carmópolis;28;57
Segredo;5;6
Itatiaia;33;55
Potiretama;37;57
Santo Antônio de Jesus;334;425
Ibaiti;51;113
Montalvânia;21;29
Parintins;329;943
Altônia;37;80
Balneário Arroio do Silva;9;14
Farias Brito;108;241
Aragarças;28;55
Rio Grande da Serra;48;112
Ceará-Mirim;232;329
Oiapoque;38;79
Conceição do Jacuípe;81;100
Girau do Ponciano;84;150
Codó;342;547
Luís Antônio;27;42
Rosário do Catete;35;77
Campestre;25;58
Maripá;13;29
Sobrália;4;7
Goiás;104;174
Ribeirão Pires;390;616
São Francisco do Piauí;20;29
Cidade Ocidental;135;276
Tucumã;60;105
Silva Jardim;8;22
Paracambi;162;250
Itamaraju;119;164
Ilha de Itamaracá;28;83
Pedras de Fogo;17;45
Três Lagoas;291;519
Pinhal Grande;7;12
Santo Amaro;166;235
Monte Alegre de Goiás;13;58
Corumbá;292;512
Rio Claro;580;953
Crixás;40;121
Inhambupe;29;38
Atibaia;386;694
Praia Grande;698;1402
Guaíra;181;325
Juara;67;135
Capinópolis;8;19
São Manuel;87;150
Laguna;75;128
Buriti de Goiás;9;26
Taperoá;50;83
Aroeiras;49;77
Indiaroba;77;140
Chapada do Norte;38;55
Atalaia;72;143
Itanhangá;9;21
Jaqueira;18;57
Monte Alto;139;220
Vera Cruz;133;283
Guaratuba;43;100
Votuporanga;260;453
Inhapim;41;70
Ourém;60;85
Espírito Santo do Pinhal;90;173
União da Vitória;186;328
Coxilha;2;9
Caraguatatuba;221;397
Bodocó;43;119
Urupema;4;5
Lagoa da Prata;100;171
Aroazes;20;37
Vargem Alta;57;90
Fundão;42;67
Rio Preto;4;8
Salto do Jacuí;27;52
Axixá;81;127
São José do Vale do Rio Preto;15;45
Malhada de Pedras;26;62
Brejo da Madre de Deus;55;97
Nova Granada;42;64
Pirapora do Bom Jesus;21;45
Diamantina;190;243
Jandira;216;410
Bom Retiro do Sul;14;28
São Luiz;5;10
Morrinhos do Sul;16;21
Riolândia;6;17
Xanxerê;174;274
Boituva;144;259
Indaial;97;207
Trizidela do Vale;15;27
Itapissuma;54;96
Santa Margarida;9;18
Avelinópolis;6;39
Fátima;27;43
Pacujá;127;172
Brumadinho;76;129
Alta Floresta D'Oeste;64;126
Ponta Porã;201;424
Nossa Senhora dos Remédios;36;54
Manaquiri;23;144
Castro;154;263
Capitão Poço;96;144
Jacarezinho;115;190
Nova Alvorada do Sul;30;62
São Bento do Una;86;203
Santa Isabel;85;140
Pilar;110;195
Itajubá;346;524
Nova Ubiratã;10;35
Rio Azul;15;22
Lages;301;593
Farroupilha;118;219
Pedro II;125;185
Coxim;102;167
Arame;30;68
Várzea Paulista;133;267
Itacarambi;20;36
Vicentinópolis;11;75
Campo do Brito;38;63
Socorro;74;134
Santa Bárbara;71;101
Macau;156;218
Ivaiporã;114;186
Iconha;37;52
Formosa do Rio Preto;36;66
Ipaumirim;51;101
Trajano de Moraes;6;15
Ecoporanga;78;107
Extremoz;80;115
Riqueza;9;21
Cardoso Moreira;27;53
Itaúna;226;339
Agudos do Sul;3;12
Extrema;78;161
Luís Correia;29;70
Igarapé-Miri;118;186
Itariri;8;28
Barra Bonita;152;204
Porto Calvo;32;65
Axixá do Tocantins;12;32
São Bento;142;211
Cabrobó;95;264
Paraí;36;38
São Domingos do Maranhão;72;122
Jupi;45;70
Maraú;13;33
Lago da Pedra;70;119
Ribeirão;85;145
Gonçalves Dias;23;45
Laranja da Terra;56;61
Fronteiras;31;50
Olindina;21;38
Cacique Doble;17;22
Rio Bananal;19;45
Valparaíso;31;64
Santana do Acaraú;254;347
Abadiânia;43;99
Pindorama;16;31
Mauriti;354;549
Harmonia;13;21
Taiobeiras;56;92
Santa Helena;133;326
Santa Terezinha de Itaipu;74;115
Portel;83;164
Maracás;57;78
Santa Cecília;10;83
Cocalzinho de Goiás;24;105
Gurinhém;20;31
Rolim de Moura;161;291
Pimenta Bueno;75;255
Cerejeiras;35;88
Jacutinga;52;110
Nova Andradina;122;232
Xavantina;2;2
Confresa;81;152
Dois Irmãos do Buriti;19;34
Paripueira;17;54
Valparaíso de Goiás;456;708
Nova Aurora;22;40
Alterosa;24;37
Pindamonhangaba;355;652
Palmitos;36;54
Barra do Garças;218;392
São José de Piranhas;30;44
Altos;107;171
Irati;208;268
Mesquita;218;425
Barra dos Coqueiros;30;61
Juquitiba;56;103
São Gonçalo do Sapucaí;62;94
São Miguel do Guaporé;32;84
Picuí;147;195
Guajará-Mirim;135;241
Martinho Campos;25;37
Mutunópolis;4;21
Olímpia;168;275
Mãe d'Água;11;16
Caraíbas;2;5
Rubiataba;71;130
Tenente Portela;9;23
Santa Maria do Cambucá;17;36
Afonso Cláudio;53;85
Piancó;71;110
Padre Bernardo;44;116
Ronda Alta;15;21
Lagoa Formosa;19;40
Pederneiras;94;183
Taquarana;46;73
Três Marias;39;70
Bezerros;199;393
Quixaba;54;79
São João do Rio do Peixe;45;74
Lagamar;7;19
Urupês;31;70
Entre Rios;76;110
Minaçu;63;108
Poção de Pedras;25;51
Glória de Dourados;20;32
Novo Cruzeiro;27;60
Marataízes;117;180
Paraty;75;136
Lajeado;138;215
Ubá;298;441
João Pinheiro;105;164
São João do Arraial;24;60
Jaguaruna;21;59
Fagundes;18;27
Altinópolis;23;38
Aparecida do Taboado;51;108
Naviraí;119;204
Cubati;19;29
Valença do Piauí;86;107
Valinhos;471;762
Remanso;78;176
Tiradentes do Sul;9;10
Muniz Freire;44;76
Buriti;29;48
Duas Barras;10;18
Caçapava do Sul;58;89
Tracuateua;25;43
Uraí;19;36
Cruz Alta;125;207
Sapiranga;127;215
Cordisburgo;13;17
Ilicínea;27;57
Combinado;16;21
Sussuapara;24;37
São Bernardo;67;198
Mar de Espanha;18;41
Apuarema;14;20
Vinhedo;252;411
Madalena;82;300
Ponta de Pedras;78;124
Lagoa Real;20;32
Eugenópolis;6;15
São José de Ribamar;309;452
Rio Negrinho;45;102
São Benedito do Rio Preto;13;25
Arraial do Cabo;90;175
São Julião;6;22
Santa Vitória do Palmar;69;97
São Tomé;20;39
Lençóis Paulista;159;292
Chapadão do Céu;42;114
Hidrolândia;172;328
Aporá;26;46
Bela Vista de Goiás;57;159
Alcobaça;19;25
Vitorino Freire;83;126
Apucarana;428;649
Itaguara;34;46
Entre Rios de Minas;40;61
Palmeiras de Goiás;64;157
Novo Aripuanã;54;180
Laje do Muriaé;5;17
Goiatuba;58;164
Caldazinha;11;21
Barão de Grajaú;29;75
Areia Branca;94;155
Nazário;15;57
Nova Ponte;33;69
Silvianópolis;5;9
Limoeiro;390;508
Santarém Novo;14;25
Mogeiro;14;26
Montanha;103;137
Cocos;22;49
Visconde do Rio Branco;116;169
Itaú;8;12
Cruz;117;280
Tutóia;97;180
Ibateguara;24;52
Passira;82;139
Manhumirim;27;59
Firminópolis;12;84
Ibotirama;37;63
Itapetinga;182;271
Sarandi;168;298
Camanducaia;17;45
Lagoa de Itaenga;50;185
Iúna;64;103
Agrestina;29;57
Vertentes;41;65
Sericita;5;13
Firmino Alves;34;51
Ouro Verde de Minas;6;10
Pimenta;12;21
Panambi;118;181
Macaparana;100;175
Padre Marcos;4;10
Candeias;190;268
Campo Alegre do Fidalgo;1;9
Meleiro;7;14
São João Batista do Glória;15;27
Santo Antônio do Aracanguá;10;13
Antonina;22;47
Cornélio Procópio;173;235
Braço do Norte;54;108
Pirenópolis;50;201
Tucano;73;99
São Domingos do Capim;70;103
Sobradinho;59;81
Sabará;168;282
Passos Maia;4;5
Cabo de Santo Agostinho;571;986
Ituiutaba;309;466
Itupiranga;45;106
Amontada;276;622
Corumbá de Goiás;16;48
São Pedro;55;115
Cabeceiras;20;49
Curiúva;21;39
Caiçara;27;46
Quixelô;35;84
Barra Velha;34;84
Cabreúva;54;120
São Felipe D'Oeste;12;26
Iturama;90;151
Quixeré;111;235
Vargem Grande do Sul;63;134
Campo do Meio;17;37
Messias Targino;8;12
Urutaí;50;82
Marco;272;388
Mata Grande;54;126
Irituia;30;62
Tucuruí;440;660
Guapó;15;45
Limoeiro do Norte;340;522
Capistrano;55;174
Carmo do Paranaíba;47;74
Santa Adélia;13;27
Malta;3;21
Barra de Guabiraba;25;66
Palmeiras;13;19
São João do Jaguaribe;15;45
Várzea da Palma;56;86
Seringueiras;18;63
Lagoa Salgada;11;20
Juazeirinho;36;56
Bom Jesus da Lapa;199;322
Carauari;47;201
Amélia Rodrigues;50;61
Eusébio;239;802
São Francisco do Guaporé;35;77
Inhumas;220;372
São José da Coroa Grande;36;95
Santa Mariana;25;34
Rinópolis;3;13
Ilha Solteira;92;143
Umirim;101;156
Quiterianópolis;93;171
Divina Pastora;22;38
Baixo Guandu;40;73
Salto;281;488
Santa Bárbara do Pará;13;28
Jaraguá;118;269
Alta Floresta;142;267
Pirassununga;221;314
Sapezal;56;92
Escada;136;564
Ipojuca;87;284
Barra do Choça;37;68
Amarante;47;63
Miguelópolis;40;70
Pedra Preta;37;66
Santa Rita de Minas;13;24
Campestre de Goiás;20;49
Águas Formosas;24;39
Aparecida;71;147
Acreúna;52;149
Edéia;10;47
Juquiá;7;43
Piracaia;25;78
Araguari;233;394
São João do Soter;14;26
São Luís de Montes Belos;76;200
Pedro Leopoldo;121;181
Dores do Turvo;12;18
Lajes;58;76
Itamogi;14;19
Timbó Grande;14;34
Andirá;52;97
São Salvador do Tocantins;11;27
Paracuru;411;613
Tapes;6;17
Seabra;202;254
Janaúba;234;302
Olivença;7;23
Santos Dumont;91;140
Carmo de Minas;20;27
Gandu;85;106
Maximiliano de Almeida;10;15
Lucas do Rio Verde;194;358
Lapão;32;67
Colméia;19;52
Canindé;493;934
Alto do Rodrigues;49;63
Raposa;39;66
Jaguari;35;40
Santa Cruz das Palmeiras;61;93
Campo Formoso;112;159
Santa Izabel do Pará;188;289
São José do Goiabal;8;11
Capivari;159;269
Cruz das Almas;249;332
Itaporanga d'Ajuda;30;193
São Bento do Sapucaí;5;31
Laranjal Paulista;23;57
Santa Leopoldina;15;27
Barra de São Francisco;76;126
Guarani das Missões;19;35
Marau;85;128
Campos Sales;248;355
Senhor do Bonfim;253;383
Almino Afonso;7;7
Serafina Corrêa;47;58
Sento Sé;24;35
Campo Magro;29;53
Belágua;5;15
Cáceres;290;412
João Dourado;55;80
Aquidauana;140;237
Batalha;155;240
Areia;96;116
Fernão;5;9
Ibirapuitã;7;11
Colônia Leopoldina;25;49
Estância;193;305
Cafelândia;61;111
Humaitá;128;323
Francisco Macedo;10;14
Rio Brilhante;62;113
Vila Rica;22;36
Guapiaçu;24;70
Sidrolândia;72;140
Cícero Dantas;63;89
Rianápolis;12;24
Paraíso das Águas;3;9
Cumaru;26;43
São Borja;121;219
Tabuleiro do Norte;174;327
Craíbas;52;77
Moreno;98;132
Nova Lima;252;391
Tunápolis;9;10
São Pedro de Alcântara;23;35
Itaquara;14;20
Itapuã do Oeste;16;34
Jaíba;44;79
Coração de Jesus;29;46
Afogados da Ingazeira;102;226
Bom Jardim;182;334
Nova Palmeira;16;19
Cururupu;93;167
Lagoa do Ouro;42;58
Joanópolis;8;23
Marechal Cândido Rondon;201;291
Cosmópolis;117;212
Dom Silvério;9;15
Portalegre;22;30
Eldorado do Sul;51;103
Governador Mangabeira;80;100
Guamaré;9;27
Potiraguá;24;48
Lagoa Dourada;37;50
Pedra Branca;313;570
Gabriel Monteiro;4;8
Jales;151;255
Itaguaçu;39;77
Ariquemes;258;580
Acará;71;116
Pio IX;10;17
Armazém;13;17
Varzelândia;23;44
Nova Era;27;36
Iuiu;14;21
Nova Olinda;183;364
Guaranésia;25;38
Camapuã;19;40
Xambioá;23;52
Içara;66;155
Porciúncula;25;49
Santa Rita do Araguaia;39;116
Itaqui;81;118
Santo Antônio do Descoberto;91;201
Ibirama;55;120
Itaquitinga;40;76
Goianira;77;239
Itororó;24;67
Jauru;7;27
Timbaúba;290;438
Caetés;24;54
Francisco Santos;24;37
Januária;177;240
Patu;37;49
Três Corações;163;254
Curral de Dentro;15;20
Ivinhema;55;120
Goioerê;70;112
Irajuba;5;6
Sapé;137;180
Bento Fernandes;2;4
Curralinho;48;87
Santa Salete;7;12
Campo Limpo Paulista;189;316
Nova Olinda do Norte;33;208
Miracema;56;74
Tupanciretã;23;38
Joaquim Pires;36;62
Oeiras do Pará;51;76
Bom Repouso;9;25
Porto Belo;37;71
São Gabriel da Palha;66;118
Simonésia;18;31
Araputanga;26;43
Coribe;29;49
Arraias;35;67
Capela do Alto Alegre;20;28
Urucará;57;181
Formiga;231;370
João Lisboa;68;110
Amambai;101;157
Tangará;29;52
Francisco Beltrão;322;462
Barra D'Alcântara;9;16
Upanema;20;30
Caldas;6;7
Santa Quitéria do Maranhão;53;81
Ipiaú;109;131
Espumoso;26;40
Tomé-Açu;138;224
Capanema;237;322
Lago Verde;15;33
Santo Estêvão;144;201
Itapiúna;68;251
Guarapuava;472;764
Uruana;21;133
Itapuranga;85;143
Utinga;37;52
Presidente Figueiredo;92;283
Paranã;13;31
Igreja Nova;17;44
Veríssimo;4;6
Saltinho;9;27
Conceição do Canindé;12;21
Governador Celso Ramos;23;35
Doverlândia;23;52
Caldeirão Grande;9;42
Contenda;26;53
Corumbaíba;18;30
Estrela;58;101
Mandaguaçu;52;106
Maruim;47;74
Pompéu;40;67
Sítio do Mato;13;28
Álvares Machado;69;105
Mandaguari;63;138
Matões;62;90
Luz;32;56
Ibiapina;160;317
Adustina;40;48
Divinésia;2;4
Jeremoabo;73;102
Marialva;54;86
Morro do Chapéu do Piauí;9;17
Aimorés;25;52
Jaru;130;414
Lagoa do Mato;13;23
Limoeiro de Anadia;38;75
Santaluz;75;110
Maracaçumé;35;52
Iraquara;51;79
Vieiras;10;15
Uauá;27;39
Assis Chateaubriand;108;146
Resende Costa;36;47
Realeza;51;72
Buritinópolis;5;9
Curitibanos;120;194
Bertioga;98;192
Chopinzinho;41;86
Itaguaru;23;40
Tabaporã;15;38
Cruzeta;16;19
Uruburetama;252;369
Pereira Barreto;49;81
Cupira;67;105
Exu;33;84
Igaracy;32;59
Coelho Neto;122;202
São José da Lapa;58;116
Igarapé-Açu;75;119
Rio Piracicaba;12;21
Bela Vista de Minas;10;16
Várzea Alegre;293;503
Munhoz de Melo;4;9
Maranhãozinho;8;23
Agudo;38;50
Chapadão do Sul;91;147
São Geraldo;17;30
Cabedelo;170;239
Tangará da Serra;354;579
Cantagalo;57;103
Canaã dos Carajás;105;166
Caieiras;193;320
Cerquilho;109;180
Riacho dos Machados;8;20
Conchal;19;46
Santa Luzia do Pará;28;53
Guaribas;4;17
Conceição das Alagoas;23;77
Luís Eduardo Magalhães;208;311
Tanguá;31;63
Poço Verde;15;22
Pé de Serra;31;40
Inconfidentes;70;97
São Miguel das Matas;15;22
Candelária;50;68
Soledade;88;138
Coqueiral;13;21
Água Doce do Maranhão;36;79
Paulínia;309;527
Ipaporanga;47;116
Pirangi;20;35
Campos Belos;68;166
Rio Espera;13;20
Pindaí;39;69
Olho d'Água do Casado;11;78
Cachoeira Paulista;63;107
Jaciara;55;98
Quatro Barras;94;141
Sirinhaém;27;138
Pio XII;57;91
Livramento;14;21
Itambé do Mato Dentro;3;4
Jaborandi;17;32
Porto Murtinho;4;12
Salgado;39;68
Campina Grande do Sul;77;144
Machadinho D'Oeste;30;88
Orleans;56;102
Paramoti;37;121
Jacuípe;17;40
Japorã;5;10
José da Penha;10;15
Guamiranga;8;17
Betânia;17;49
São Miguel dos Campos;164;237
Itagibá;15;18
São José da Laje;50;87
Alexandria;22;36
Salto do Lontra;27;38
Alumínio;56;109
Pitangui;51;68
Porto Grande;44;87
Pratápolis;3;11
Colíder;72;147
Tapejara;63;112
Tenente Ananias;12;20
São João do Oriente;17;29
São Leopoldo;396;695
Cametá;408;559
Aparecida do Rio Doce;4;9
Ituporanga;37;87
Porto Xavier;20;25
Ruy Barbosa;95;149
Guaraci;12;29
Rio Tinto;43;81
Itamarandiba;56;82
Alvorada do Norte;27;69
Tanquinho;6;11
Planalto da Serra;3;5
Holambra;56;93
Poço das Trincheiras;9;32
Pontal;84;148
Ipumirim;17;28
Nepomuceno;80;115
Bacuri;36;75
Pires Ferreira;38;89
Assunção;2;3
Pirapozinho;83;137
Vargem Grande;64;99
Nossa Senhora das Dores;63;122
Brejinho;22;46
Artur Nogueira;76;133
Fernandes Tourinho;4;9
Monte Alegre do Piauí;8;14
Cariús;86;173
Avanhandava;17;31
Cipó;48;81
Boqueirão do Leão;3;3
Campos Lindos;9;26
Itararé;112;233
Santiago;145;206
Machadinho;10;16
Matozinhos;70;123
Mafra;120;213
Santana dos Montes;1;2
Nova Maringá;13;27
União;84;143
Carbonita;12;21
Bom Jesus da Serra;12;17
Águas Belas;92;257
Porto Ferreira;115;194
Sarapuí;13;28
Correntina;60;84
Água Boa;53;106
Senador José Porfírio;16;35
Curuá;27;61
Miracema do Tocantins;44;74
Gararu;21;62
Turvo;43;87
Nova Itaberaba;3;7
Mariana;75;140
Iguatama;10;20
Imbé;50;74
Campo Belo;139;236
Umari;38;97
Torixoréu;4;16
Itapema;112;240
Porto Feliz;83;175
Guapiara;23;36
Itanagra;3;3
Cruzeiro do Oeste;24;48
Guariba;60;117
São Roque de Minas;12;26
Murici;75;139
Itiquira;10;25
São Sebastião de Lagoa de Roça;21;29
Taquaritinga do Norte;38;87
Pimenteiras;15;19
Iporã do Oeste;32;45
Ubaíra;24;33
Monte Alegre;192;323
Diamantino;75;132
Marzagão;6;25
Pedra Lavrada;30;35
Porteiras;58;159
Carmópolis de Minas;44;64
Capitão Gervásio Oliveira;4;4
Buíque;57;127
Lagoa Santa;168;250
Moraújo;64;118
Goianorte;10;24
Antônio Cardoso;4;8
Anaurilândia;6;14
Lagoa Grande do Maranhão;7;11
Camaquã;184;242
Nova Mutum;95;167
Indaiabira;10;14
Santana dos Garrotes;20;49
Itapoá;29;83
Itiúba;46;74
Bataguassu;61;106
São Domingos do Azeitão;12;17
Xexéu;13;56
Barra do Bugres;63;104
Alpinópolis;58;80
Triunfo;129;266
São João da Ponte;24;56
Santana do Mundaú;36;55
Descoberto;15;17
Carolina;25;64
Paranaiguara;27;47
Jucás;143;332
Itaberaba;156;318
Divinolândia;24;50
Berilo;15;28
Mairinque;127;229
Inaciolândia;16;33
Jacupiranga;7;23
Cariré;152;259
Esplanada;52;82
Cambuci;22;40
Crissiumal;30;44
Princesa;2;7
Panelas;70;231
Juvenília;8;13
Guarujá do Sul;10;17
Rio do Campo;10;19
Barão de Cocais;76;104
Três de Maio;82;113
Taquarivaí;11;66
Vespasiano;157;269
Biritiba Mirim;29;79
Cambará;53;88
Guararapes;90;141
São Miguel do Oeste;164;236
Liberdade;12;22
Laje;43;65
Barro;138;191
Sertanópolis;50;67
Muribeca;19;60
Arroio do Meio;27;57
Nossa Senhora de Lourdes;32;59
Mucambo;27;86
Barros Cassal;9;15
Umarizal;44;55
José Gonçalves de Minas;8;12
Medeiros Neto;33;72
Maravilhas;4;14
Santo Antônio do Pinhal;9;20
São Raimundo das Mangabeiras;62;90
Esperantina;106;188
Albertina;3;8
Júlio de Castilhos;48;68
Nova Prata;68;100
Nipoã;3;15
Novo Cabrais;8;9
Maquiné;4;15
São Francisco de Sales;7;9
Angical do Piauí;45;57
Ipu;340;572
Cachoeira Dourada;3;33
Tunas do Paraná;4;12
Davinópolis;24;69
Porto Real do Colégio;14;31
Piraúba;23;44
São Luis do Piauí;15;15
Coronel José Dias;11;15
Poço Redondo;29;62
Monte Santo;53;79
Formosa da Serra Negra;48;71
Novo Gama;89;226
Isaías Coelho;15;25
Nova Glória;14;36
Aruanã;16;60
Ananás;21;45
Maragogi;50;94
São Bento Abade;9;18
Potirendaba;16;47
Novo Lino;15;23
Anhumas;5;7
Caxambu;77;93
São Lourenço;121;183
Dom Eliseu;69;149
Castanheiras;5;11
Remígio;52;75
Santo Antônio da Platina;85;165
Céu Azul;31;55
Santa Rita do Passa Quatro;66;97
Coronel Vivida;68;116
Governador Lindenberg;16;44
Jaicós;19;42
Curionópolis;25;49
Nova Europa;8;26
Tanque do Piauí;11;12
Bagre;20;29
Ituberá;37;66
Chapada dos Guimarães;25;55
São Joaquim do Monte;34;120
Vale do Anari;3;14
Lagoa da Confusão;17;57
Areado;26;46
Tupã;173;285
São João da Fronteira;20;36
São José do Belmonte;79;161
Regeneração;45;76
Perdões;52;84
Ibiúna;135;261
Pastos Bons;27;53
Aquidabã;41;80
Palotina;101;151
Arenápolis;20;28
Pajeú do Piauí;4;5
Aratuípe;11;16
Zé Doca;81;120
Primavera;57;96
Conceição dos Ouros;7;13
Santana do Matos;13;23
Guaraciama;8;13
Tietê;113;172
Iapu;19;35
Ribeirão Branco;14;40
Traipu;33;97
Rio Casca;27;46
Cambira;5;17
Choró;46;133
Urucânia;13;20
Barreirinha;65;235
Santa Filomena;25;96
Araruna;75;104
Sumidouro;16;30
Afuá;19;50
Euclides da Cunha Paulista;23;36
Senador Firmino;12;27
Santo Antônio do Monte;42;70
Jaguaquara;138;237
Urupá;20;54
Quedas do Iguaçu;29;62
Imaculada;14;47
Rio Pardo de Minas;22;38
Bela Vista do Maranhão;5;19
Brotas de Macaúbas;8;17
Moita Bonita;25;40
General Carneiro;16;35
Coronel Martins;6;8
Mirandópolis;60;104
São Sebastião do Paraíso;156;249
Pirapora;175;252
Aracoiaba;239;467
Alexânia;54;158
Poço Dantas;5;10
Lagoa Vermelha;74;106
Araçoiaba;28;101
Angelândia;6;16
Astorga;61;95
São Gotardo;85;132
Ipixuna do Pará;19;39
Nazareno;15;24
Rodeio Bonito;24;30
Maribondo;19;63
Baixa Grande do Ribeiro;27;52
Bom Jesus de Goiás;52;164
Campo Redondo;8;13
Congonhas;206;257
Coaraci;46;63
Irauçuba;132;455
Tocantins;12;26
São Pedro do Sul;21;35
Cravinhos;36;67
Santa Quitéria;325;528
Igarassu;194;348
Arcos;79;137
Nova Timboteua;27;36
Rolândia;163;238
Ubatuba;98;203
Santa Luzia do Norte;7;22
Bom Jesus do Galho;19;30
Poconé;43;79
Nerópolis;67;192
Ouro Fino;58;117
Morro da Fumaça;10;43
Bela Vista;53;102
Barrolândia;8;22
Santa Cruz do Piauí;30;37
Jaguarari;63;111
Cruzeiro;191;344
Vila Nova do Piauí;10;19
Rosário;76;159
Ladainha;8;19
Córrego Fundo;7;20
Veranópolis;60;78
Jaramataia;6;17
Manacapuru;207;918
Matupá;18;54
Ribas do Rio Pardo;34;66
Rio Pardo;66;104
Monte Alegre do Sul;31;56
Simolândia;16;44
Cambé;111;210
Mutuípe;36;47
Cerro Largo;44;53
Santa Maria do Salto;5;13
Manhuaçu;184;317
Capela do Alto;18;38
Cajari;20;41
Vitória do Jari;16;33
Ipiranga;17;30
Central;21;78
Santa Clara d'Oeste;1;3
Euclides da Cunha;103;150
Santa Cecília do Pavão;0;4
Autazes;32;439
Silveirânia;12;20
Santa Rosa de Viterbo;46;67
Lagoa Nova;14;25
Nova Brasilândia D'Oeste;34;132
Piçarra;17;32
Capão do Leão;11;23
Riacho das Almas;24;73
Jatobá do Piauí;23;37
Buritizeiro;18;28
Santo Cristo;31;46
Saudade do Iguaçu;4;11
Guaporé;44;77
São Caetano de Odivelas;36;70
Riachinho;8;25
Nova Hartz;16;41
Santa Rosa do Sul;74;122
Santa Cruz do Rio Pardo;138;225
Jatobá;23;45
Bom Jesus dos Perdões;16;54
Medianeira;113;202
Breves;194;274
Paranatinga;40;71
Santana do Manhuaçu;1;10
São Joaquim da Barra;145;228
Eirunepé;81;219
Andradas;86;141
Mucuri;94;150
Riachão das Neves;27;60
Brumado;186;250
Lima Campos;25;46
Santa Maria de Jetibá;90;146
Iporá;157;248
Marianópolis do Tocantins;8;27
Rodolfo Fernandes;3;12
Ouro Verde de Goiás;9;13
Matipó;30;46
Marcação;4;11
São Gonçalo dos Campos;49;68
Orlândia;165;228
São João do Sabugi;13;18
Água Preta;16;124
Rodeiro;9;22
Santa Fé de Goiás;15;39
Picada Café;10;15
Nova Petrópolis;44;79
Cujubim;13;27
Engenheiro Coelho;54;90
Itatiba do Sul;15;19
Água Fria de Goiás;14;37
Madre de Deus;32;55
Marilândia;31;50
Colinas;46;77
Diamante do Norte;22;35
Ibaté;47;73
Ouro;15;26
Barrocas;44;57
Caculé;28;41
Aparecida do Rio Negro;12;23
Regente Feijó;53;72
Anita Garibaldi;6;11
Barro Alto;57;139
Paraú;10;14
Kaloré;4;7
Mateus Leme;48;83
Capitão de Campos;27;46
Riachão do Dantas;18;34
Coromandel;72;124
Capelinha;81;127
Juazeiro do Piauí;4;7
Prainha;30;78
Jequitinhonha;23;34
Loanda;72;96
Pintadas;22;31
Santa Vitória;14;33
Barra de Santana;9;13
Granja;434;701
Itapagipe;41;60
Nova Bandeirantes;8;22
Ipiranga do Norte;8;19
Bom Jardim de Minas;14;24
Bambuí;99;138
Anguera;9;16
Alcântaras;40;88
Lagoa Seca;28;47
Dois Irmãos;37;64
Água Doce;23;38
Magalhães de Almeida;37;55
Massaranduba;45;105
Canela;48;117
Itirapina;14;21
Paraguaçu;16;39
Bonito;169;481
Miradouro;11;14
Pinheiral;118;194
Inhuma;26;38
Alagoa;6;6
Paraibuna;20;38
Leopoldina;196;261
Várzea;17;24
Sapopema;9;28
Bom Jesus do Araguaia;7;18
Itajuípe;10;24
Lapa;70;111
Agudos;76;127
Lagoa dos Gatos;36;69
São Mamede;30;42
Brejo dos Santos;12;18
Pongaí;3;13
Alto Santo;64;143
Santa Isabel do Rio Negro;13;54
São Francisco de Goiás;9;48
Itapemirim;47;86
Carazinho;131;250
Rio Negro;120;183
Guiratinga;21;34
São Fernando;8;11
Carlos Gomes;2;4
Juripiranga;23;84
Belterra;26;48
Portão;43;73
Estreito;32;64
Santa Luz;24;29
Espinosa;53;93
Presidente Juscelino;16;25
Guararema;39;87
Pedra Dourada;10;15
São João do Sul;6;20
Taboleiro Grande;3;15
Caaporã;29;61
Mara Rosa;26;57
São Joaquim;25;44
Quitandinha;17;34
Logradouro;18;21
Caibi;12;19
Limoeiro do Ajuru;56;85
Paiçandu;61;102
Nova Serrana;128;283
Mondaí;16;39
Ortigueira;27;48
Rodelas;15;30
Tanhaçu;32;59
Cruzeiro do Iguaçu;12;15
São Félix do Xingu;49;127
Teotônio Vilela;66;248
São João Evangelista;111;140
Botuporã;21;31
São João d'Aliança;23;98
Ubajara;291;560
Uruará;56;129
Moiporá;3;4
Lagoa do Tocantins;5;14
Nova Resende;11;25
Passa e Fica;21;25
Rosana;78;109
Raul Soares;58;87
São João das Missões;21;28
Graça Aranha;13;23
Aguaí;40;82
Carira;25;30
Mãe do Rio;83;138
Sapeaçu;48;80
Liberato Salzano;8;10
Aricanduva;9;16
Itaú de Minas;54;78
Porto Lucena;5;11
Francinópolis;18;25
Gurjão;6;10
Tianguá;495;984
Jataizinho;9;10
Carangola;77;96
Monte Alegre de Minas;25;39
Cedral;34;77
Aratiba;15;22
Campos Gerais;69;101
Guaiúba;206;453
Nhandeara;22;29
Cortês;20;78
Xinguara;120;185
Madre de Deus de Minas;8;13
Caracaraí;51;112
São João da Serra;12;24
Pinhão;61;107
Betânia do Piauí;19;21
Nossa Senhora das Graças;8;13
Iguaracy;17;47
Itaquiraí;15;37
Americano do Brasil;4;24
Centralina;7;17
Carnaubais;13;20
Presidente Kubitschek;11;18
Cacimbinhas;13;30
Abadia de Goiás;8;23
Carlos Chagas;27;40
Passagem Franca;27;48
Pacajá;15;34
Careiro da Várzea;27;156
Pitanga;74;112
Nonoai;12;33
Marcionílio Souza;7;14
Monsenhor Hipólito;24;28
Camocim de São Félix;30;62
Itapororoca;32;65
Ibiara;15;25
Tapurah;12;26
Miranorte;17;44
Salinópolis;113;177
Esperança do Sul;6;12
Carmo;39;65
Frei Miguelinho;11;117
Filadélfia;38;74
Iaciara;36;102
Fruta de Leite;7;10
Cajueiro;39;62
Anamã;17;74
Cerro Grande;3;5
Igarapé do Meio;10;20
Piedade;115;215
Palmeirais;10;62
Tramandaí;53;105
Gravatal;7;18
Alvarenga;5;8
Quijingue;23;41
Araporã;11;23
Jaguariaíva;74;134
Porto da Folha;69;168
Apicum-Açu;44;64
Feira da Mata;20;32
Buerarema;18;35
Salvador do Sul;3;9
Guatambú;9;22
Bocaina;21;36
Ibiassucê;6;8
Potengi;41;123
Barão de Cotegipe;4;4
São José do Egito;129;191
São José do Seridó;8;13
Alenquer;96;161
Pontes e Lacerda;144;258
Angicos;50;65
Ibicuí;11;23
Cafarnaum;40;113
São José de Caiana;4;22
Boa Vista do Ramos;45;180
São José das Missões;5;10
Mairiporã;142;257
Faro;11;27
Presidente Getúlio;16;39
Mocajuba;82;133
Guaraíta;11;19
Mulungu do Morro;14;19
Paulicéia;5;12
Três Barras;9;34
Viradouro;19;38
Botumirim;4;17
Campo Erê;36;54
Santa Bárbara do Monte Verde;3;5
Riacho de Santana;58;74
Brejolândia;16;25
Planalto;37;64
Olho d'Água das Cunhãs;19;28
Passagem;2;4
Fonte Boa;47;185
Boquira;21;39
Piraju;97;159
Guatapará;8;20
Paraopeba;51;65
Ibititá;13;24
Não-Me-Toque;30;47
Rafard;12;28
Conde;37;67
Jacobina do Piauí;10;20
Simões;38;53
Planalto Alegre;1;3
Nova Trento;17;42
Capim Grosso;66;105
Calçado;31;56
Araponga;11;22
Ladário;25;62
São Lourenço do Sul;89;113
Três Passos;56;76
Rio do Fogo;17;23
Acari;25;39
Dumont;5;18
Tarumã;11;40
Pedra Azul;21;45
Itanhandu;47;70
Baixa Grande;12;17
Loreto;27;44
Monte Santo de Minas;30;59
Corupá;10;28
Salesópolis;31;54
Lucélia;0;9
Anastácio;34;64
Anori;56;87
Salvaterra;56;91
Raposos;24;44
Coração de Maria;41;60
Barão do Triunfo;3;4
Vitória do Xingu;32;53
Morro Agudo;66;105
Nobres;33;58
Cabaceiras;10;13
Canavieiras;22;47
Novo Horizonte do Oeste;9;23
Cristalândia do Piauí;7;8
Sarzedo;20;59
Vargem Bonita;8;13
Itaipulândia;13;24
Miraíma;68;162
Barreirinhas;151;281
Alto Longá;18;31
Centenário;16;33
Uruçuca;32;57
Serra Dourada;23;28
Beneditinos;26;41
Tacaimbó;17;40
Camacan;39;65
Dário Meira;4;7
Brejo;64;109
Mata Verde;7;11
Duas Estradas;4;9
Candiota;9;16
Pompéia;53;104
Porto Nacional;195;348
Tremembé;38;86
Olinda Nova do Maranhão;16;29
Santa Rosa do Tocantins;6;26
Bom Retiro;18;33
Bonito de Santa Fé;15;20
Ipiranga de Goiás;2;9
Laranjal do Jari;116;198
Rio Paranaíba;35;54
Sooretama;45;88
Forquilha;90;308
Heliópolis;35;49
Umbaúba;83;128
Francisco Alves;12;31
Ouro Preto do Oeste;89;176
Amarante do Maranhão;28;47
Itaeté;3;3
Bonfinópolis;10;30
Ibiraiaras;8;16
Gongogi;7;13
Araçagi;30;59
Roca Sales;18;30
Olivedos;10;18
Monte Belo;7;23
Manicoré;42;210
Bernardino Batista;15;23
Tavares;36;98
Japaratuba;32;53
Guaxupé;102;161
Paulo Ramos;13;29
Campinas do Piauí;8;13
Barroso;37;52
Mulungu;99;164
Foz do Jordão;9;13
Brodowski;27;43
Tacaratu;63;114
Marilândia do Sul;5;12
Santa Terezinha de Goiás;15;64
Passa Quatro;22;36
Porecatu;59;80
Colniza;27;51
São José da Vitória;9;16
Sertão;57;74
Montividiu do Norte;15;60
Nova Ipixuna;30;51
Mamborê;7;19
Catunda;47;135
Ipuiúna;10;21
Palmares do Sul;9;24
Venturosa;29;77
Barra do Rocha;7;9
Formoso;27;43
Palmares Paulista;2;9
Quebrangulo;8;14
Sananduva;27;42
Sena Madureira;78;106
Minas Novas;33;67
Bayeux;256;355
Neves Paulista;18;28
Maetinga;13;35
Passa Tempo;5;16
Dom Feliciano;9;14
Iretama;10;23
Guaçuí;46;76
Jucuruçu;7;12
Maravilha;59;105
São Luiz do Paraitinga;9;28
Erval Velho;7;15
Salinas da Margarida;27;45
Itaperuçu;12;25
Nioaque;20;48
Baía Formosa;15;22
Iaçu;72;226
Paratinga;17;28
Bequimão;32;66
Santa Helena de Goiás;106;309
Piraquara;80;183
Ocara;119;283
Itaocara;85;122
Itaguari;9;34
Dianópolis;55;108
Alto Bela Vista;4;7
Piên;9;32
Campina da Lagoa;17;29
Itapecerica;37;57
Pirajuí;43;64
Guidoval;8;20
Cabeceira Grande;10;13
Banzaê;20;28
Rincão;20;28
Lavínia;13;19
Feliz Natal;7;16
Primavera de Rondônia;5;11
Paranaíta;12;25
Frutal;136;211
Itaobim;17;29
Gramado Xavier;3;8
Muaná;32;74
Marajá do Sena;4;8
Guaiçara;6;17
Fernando Prestes;2;12
Normandia;13;25
Angelim;36;95
Epitaciolândia;26;59
Santa Brígida;11;19
Rio das Flores;8;25
Mucurici;13;25
Buri;30;85
Caridade;183;275
Ilhabela;56;114
Garrafão do Norte;29;45
Pedra Bonita;4;8
Passo do Sobrado;11;17
Jandaia do Sul;49;79
Vale do Sol;9;16
Boa Vista do Gurupi;10;13
São Sepé;26;44
São Domingos das Dores;10;13
Porto Real;18;41
São Francisco do Conde;39;74
Nova Canaã;6;14
Paramirim;52;86
Canaã;9;18
São José do Norte;29;40
Mato Castelhano;6;10
Heliodora;7;16
Boa Hora;26;45
Vitória das Missões;12;15
Tacima;15;26
São José do Herval;3;5
Uarini;24;134
Bananeiras;64;85
Itaporã;50;73
Paulo de Faria;11;32
Piumhi;96;141
Chapada;8;13
Santa Rita de Cássia;47;69
Santa Terezinha;74;118
Neópolis;30;99
São Sebastião da Boa Vista;31;49
Angico;5;10
Guaraí;80;141
Curuçá;43;101
Senador Guiomard;22;39
Tiros;4;18
Monte Azul;31;44
Forquilhinha;31;57
Junqueirópolis;45;90
São Benedito;427;670
São Desidério;56;123
Goianinha;29;45
São João da Canabrava;12;15
Piripá;25;32
Chã Preta;14;31
Wenceslau Guimarães;13;23
Iacri;3;11
Iraí de Minas;8;13
Guajará;24;64
Buritirana;10;20
Recreio;23;35
Miranda;44;87
Bandeirantes do Tocantins;9;26
Leme do Prado;14;21
Monte Negro;18;40
Iguaí;31;48
Baianópolis;26;55
Igaporã;4;11
Geminiano;7;20
São João do Oeste;10;17
Monte Aprazível;49;75
Alto Araguaia;15;34
Arroio do Tigre;30;38
Panamá;0;3
Três Coroas;19;40
Maués;82;310
Querência;29;63
Santa Bárbara do Leste;10;21
Luiz Alves;17;31
Tarrafas;24;71
Alhandra;39;97
Urucurituba;41;178
Antônio Gonçalves;7;10
São Sebastião da Grama;23;41
Salto de Pirapora;53;125
Jaguaré;45;75
Ibicaraí;23;33
Aragoiânia;9;24
São Sebastião do Rio Preto;3;4
Itapecuru Mirim;106;313
Tijucas do Sul;8;18
Atílio Vivacqua;20;32
Arapoti;61;88
Caetanópolis;12;17
Santo Anastácio;66;103
Pilões;22;30
Pindobaçu;21;36
Resplendor;10;18
Lobato;8;10
Fortuna;7;17
Nova Santa Bárbara;1;4
Cambuí;24;53
Conceição do Mato Dentro;35;50
Açu;142;206
Costa Marques;20;83
Guadalupe;25;54
Poço Branco;31;45
Peixoto de Azevedo;32;69
Vitória do Mearim;26;60
Rorainópolis;9;44
Cabixi;3;29
Jarinu;41;89
São Jorge do Ivaí;7;19
Benjamin Constant;23;95
Conceição do Castelo;38;67
Arari;67;96
Plácido de Castro;17;26
Goiandira;14;25
Cerro Corá;12;27
Francisco Sá;42;55
Ametista do Sul;7;13
Alfredo Wagner;14;25
Milagres;208;311
Curaçá;50;80
Baião;81;114
Barra do Ribeiro;18;32
Camamu;43;89
Theobroma;14;43
Sapucaia;33;74
Poção;29;85
Papanduva;21;57
Bacurituba;13;62
Maracanã;56;95
Mari;55;77
Belo Oriente;32;52
Cachoeira de Goiás;0;7
Fartura;45;78
Poté;25;32
Itirapuã;10;20
Rafael Jambeiro;26;46
Ibirubá;75;109
Nazarezinho;21;29
Divinópolis de Goiás;14;40
Pinhalzinho;63;101
Ibema;15;27
Fortaleza de Minas;10;20
Caseara;5;28
Jurema;13;46
São Bento do Tocantins;8;15
Arapoema;10;24
Ubiratã;44;76
Baldim;8;13
Palmeira do Piauí;11;17
Afrânio;28;66
Brejo do Cruz;29;58
Pirpirituba;10;26
Mortugaba;10;16
Monte Alegre de Sergipe;20;36
Sete Barras;7;38
Magda;4;11
São José de Espinharas;10;19
Águas de Lindóia;51;80
Itaparica;54;72
Presidente Tancredo Neves;35;58
Santa Bárbara de Goiás;3;11
São Felipe;32;39
Matias Barbosa;8;12
Rio Formoso;31;91
Caeté;36;65
Jardinópolis;88;130
Novo Progresso;35;89
Paraisópolis;45;66
Ivoti;65;101
Cuitegi;8;24
Congonhinhas;12;21
Bom Jardim da Serra;4;11
Capinzal;44;76
Arês;15;25
Floriano Peixoto;2;3
Poxoréu;17;29
Prudentópolis;87;129
Estância Velha;58;112
Candeias do Jamari;28;81
Três Forquilhas;5;8
Cacimba de Areia;8;17
Arneiroz;48;91
Itatiaiuçu;7;18
Douradina;16;29
Bannach;2;6
Boca da Mata;55;80
Itatuba;17;25
Palmeira d'Oeste;22;46
Campestre da Serra;7;8
Capitão Leônidas Marques;15;38
Ponto Belo;8;12
Paraipaba;188;461
Aparecida d'Oeste;9;12
Doutor Camargo;6;9
Campestre do Maranhão;15;35
Bom Jardim de Goiás;17;41
Coronel Ezequiel;4;8
Ponte Serrada;18;26
Leopoldo de Bulhões;13;26
São Miguel do Iguaçu;71;115
Turiaçu;43;98
São Félix do Piauí;8;13
Mimoso do Sul;29;58
Governador Archer;8;18
Olho d'Água;6;23
Barroquinha;158;238
Miguel Alves;23;48
Ipiranga do Piauí;15;23
Colorado;67;88
Lajes Pintadas;5;8
Bertolínia;6;16
Pariquera-Açu;26;56
Pedreira;55;114
Bela Cruz;206;322
Porto Vera Cruz;2;4
São Jerônimo;11;18
Itainópolis;20;25
Camutanga;12;62
Arenópolis;2;12
Dom Expedito Lopes;15;20
Babaçulândia;18;43
Taipu;3;10
Itacuruba;11;31
Gameleira;14;117
Conquista;6;14
Juruena;9;26
Três Cachoeiras;29;45
Belo Campo;28;47
Alcinópolis;4;12
Mangueirinha;31;45
Cotriguaçu;11;23
Bonito de Minas;11;15
Anapurus;27;38
Mantenópolis;34;65
Gramado;40;101
Lucrécia;18;22
Agricolândia;9;12
Igrapiúna;12;23
Seara;12;29
Batayporã;11;32
Ipuã;26;39
Brasnorte;21;49
Pedro Canário;51;88
Carvalhos;8;12
Terenos;19;38
Nova Araçá;9;14
Brejão;11;26
Entre Folhas;11;16
Laranjeiras do Sul;91;141
Nazaré Paulista;12;37
Lagoa do Carro;30;86
Faria Lemos;5;8
Belém do São Francisco;42;96
Pedro Afonso;43;108
Icapuí;92;186
Parnarama;37;73
Icém;4;13
Sertão Santana;23;26
Coroaci;14;21
Itapicuru;40;56
São João da Baliza;12;25
São José do Piauí;11;16
São José dos Quatro Marcos;44;82
Balneário Barra do Sul;10;22
Araçariguama;11;46
Pomerode;46;81
Bituruna;19;31
Juatuba;18;40
Taquarussu;12;18
Divisa Alegre;17;29
Itumirim;10;15
Fátima do Sul;59;100
Três Barras do Paraná;6;17
Alvarães;50;190
Piratininga;27;40
Assaí;20;31
Lagoa Grande;52;116
Encantado;29;62
Figueirópolis;8;13
Vicentina;6;23
Coronel Xavier Chaves;3;3
Coimbra;24;35
Conceição da Barra de Minas;4;9
Alto Garças;7;23
Petrolina de Goiás;7;15
Duque Bacelar;10;24
Brasilândia de Minas;14;37
Umburanas;13;25
São Luís do Quitunde;40;70
Água Azul do Norte;11;22
Tonantins;23;150
Itabirinha;8;12
Ferreiros;21;63
Pedra;10;34
Rio Preto da Eva;45;160
Araçás;9;13
Manoel Urbano;17;32
Clevelândia;42;74
Xapuri;34;50
Talismã;2;9
Pau D'Arco;16;34
Pedro Gomes;9;22
Porto Rico do Maranhão;8;18
Mojuí dos Campos;24;38
Turvânia;7;23
Muritiba;47;55
São Rafael;7;8
Alegrete do Piauí;7;12
Maracaí;16;35
Serrolândia;8;13
Presidente Kennedy;38;70
Braúna;2;4
São Miguel da Baixa Grande;11;18
Santo Antônio do Leverger;10;33
Condor;9;21
Horizontina;42;69
Guabiruba;9;39
Nova Mamoré;35;137
Carneirinho;12;19
Lebon Régis;9;27
Nova Independência;8;15
Caraí;10;26
Bastos;29;61
Mirador;20;33
Trindade do Sul;8;18
Ibiraçu;15;44
Arroio dos Ratos;22;41
Matelândia;32;66
Tarumirim;21;32
Augustinópolis;40;92
Guareí;6;13
Castro Alves;14;26
Planura;6;24
Piracanjuba;61;155
Bujaru;52;79
Carnaubeira da Penha;19;29
Feijó;25;52
João Neiva;16;30
Itabi;14;33
Carandaí;9;25
Arauá;13;30
Maurilândia do Tocantins;16;27
Presidente Médici;60;142
Cerqueira César;35;75
Vila Nova do Sul;9;13
Sumé;24;45
Alfredo Marcondes;11;17
Prudente de Morais;7;11
Santa Luzia do Itanhy;15;46
Itagi;4;9
Santo Antônio dos Lopes;9;20
Chapada Gaúcha;7;20
Capão Alto;1;1
Bertópolis;2;8
São José do Alegre;13;20
São Vicente do Sul;47;55
Ourolândia;9;24
Colorado do Oeste;108;202
Montividiu;18;50
Iraí;9;17
Naque;8;15
Nova Ibiá;5;6
Rio Novo do Sul;31;52
Campo Limpo de Goiás;6;42
Pedra Mole;12;17
São Vicente Ferrer;22;42
Santo Antônio de Posse;17;52
Caparaó;5;10
Arinos;70;100
Casserengue;19;24
Santa Maria da Boa Vista;62;129
Teofilândia;50;68
São Félix do Araguaia;9;19
Boa Vista do Buricá;6;8
Araguaçu;12;47
Nova Crixás;12;70
Dirce Reis;2;2
Caroebe;3;18
Ribamar Fiquene;6;8
Chalé;2;5
Paulistânia;2;5
Miguel Pereira;47;73
Vila Propício;14;40
Cristais;14;28
Botelhos;9;28
Iati;28;53
Nova Guataporanga;2;6
Campanário;1;10
Lagoa;4;15
Apiacá;7;17
Nova Xavantina;33;60
Governador Eugênio Barros;25;49
Santo Antônio;42;69
Medina;16;31
Santa Maria Madalena;4;6
Cosmorama;2;15
Formoso do Araguaia;51;117
Montadas;13;18
Santa Cruz de Minas;3;8
Marques de Souza;3;6
Teixeiras;22;33
Itapuí;2;10
Rio do Antônio;16;17
Gentio do Ouro;3;7
Campina das Missões;13;18
Florânia;11;17
Nova União;21;40
Mirandiba;24;45
Aurora do Tocantins;7;25
Abaré;26;49
Taguatinga;17;54
Rio dos Índios;3;11
Protásio Alves;0;1
São Cristóvão do Sul;10;25
Braganey;9;22
Butiá;29;47
Delta;10;20
Congonhal;5;21
Jaçanã;14;18
Jequitaí;11;13
Dores de Campos;12;24
América Dourada;22;38
Ribeirão do Pinhal;18;24
Serrinha dos Pintos;14;22
Centro Novo do Maranhão;15;33
Senador La Rocque;31;59
São João da Varjota;6;8
Santa Fé;14;22
Sete Quedas;17;36
Caçu;33;64
Ipê;6;18
Imbituva;58;102
Casca;30;41
Macedônia;2;11
São José da Barra;12;16
Ararendá;56;156
Jacaraci;31;37
São Gabriel do Oeste;43;85
Mirante do Paranapanema;30;50
Cavalcante;24;63
Governador Luiz Rocha;9;31
Augusto Pestana;6;12
Eliseu Martins;11;17
Licínio de Almeida;15;20
Mira Estrela;1;4
Salto Veloso;7;15
Ervália;45;59
Borborema;10;33
Antônio Dias;7;12
Cajueiro da Praia;11;16
Guaraciaba do Norte;289;661
Cananéia;9;27
Passo de Torres;18;32
Morro do Chapéu;38;58
Vera Cruz do Oeste;9;22
Encruzilhada do Sul;41;72
Colônia do Gurguéia;12;19
Riversul;10;19
Oscar Bressane;1;10
São Francisco de Assis;22;41
Rio de Contas;25;36
São Félix;14;14
Atalanta;8;15
Maragogipe;33;57
Itaí;14;33
Itapetim;21;29
Santo Afonso;6;7
Coroados;1;4
Barão;13;23
Barra do Chapéu;6;17
Barreira;61;250
Balneário Piçarras;31;72
Cristinápolis;32;148
Monteiro Lobato;5;16
Bom Princípio;12;26
Buriti do Tocantins;9;36
Cruzeiro da Fortaleza;6;14
Almas;12;77
Aral Moreira;11;23
Medicilândia;31;57
São João do Triunfo;9;24
Senhora dos Remédios;8;11
Senhora de Oliveira;8;12
Itarantim;15;27
Roncador;14;34
Alfredo Chaves;14;35
Estrela do Norte;12;29
São Miguel do Tocantins;16;48
Mozarlândia;5;53
Datas;17;29
Canhotinho;34;77
Lagoa de Velhos;1;2
Quilombo;23;38
Taiaçu;2;4
Capivari do Sul;11;22
Jateí;15;23
Monte Sião;54;86
Frutuoso Gomes;9;11
Divinópolis do Tocantins;6;25
Jataúba;42;70
Itaúba;6;12
Lamim;3;12
Brejetuba;14;30
Carmo do Rio Claro;41;66
Tambaú;43;73
Palestina de Goiás;14;38
Buriti dos Montes;22;36
Herval d'Oeste;8;21
Nova Bassano;27;42
Patrocínio Paulista;16;31
Cuité;92;126
Sairé;41;105
Santana do Paraíso;16;35
Presidente Castelo Branco;3;7
Malacacheta;19;49
Dona Inês;10;18
Água Doce do Norte;10;24
Belém do Brejo do Cruz;21;39
São João do Manhuaçu;17;24
Palmeira;75;105
Teresina de Goiás;12;34
Nova Olímpia;38;77
Onça de Pitangui;4;6
Gastão Vidigal;13;20
Fortuna de Minas;3;7
Bofete;11;26
Carapebus;12;24
Itati;10;13
Marechal Thaumaturgo;25;48
Itaguajé;5;6
Martinópolis;37;70
Xangri-lá;2;14
Lucena;17;25
Anadia;17;34
Ernestina;9;12
Severínia;17;40
Presidente Olegário;16;32
Serra do Navio;4;11
Santana do Riacho;6;11
Macaubal;4;11
Paineiras;7;13
Lago dos Rodrigues;9;21
Mucugê;20;32
Aperibé;12;34
Wenceslau Braz;37;58
Meridiano;2;8
Solonópole;71;180
Cidelândia;16;39
Bom Jesus do Tocantins;36;86
Bady Bassitt;14;38
Cairu;7;24
Corinto;26;39
Morros;17;38
Nordestina;4;8
São José do Cerrito;16;38
Aramari;9;13
Novo Oriente do Piauí;7;15
São Luiz do Norte;11;15
Guimarães;16;25
São Fidélis;84;128
Capivari de Baixo;32;61
Mato Leitão;6;8
Paraúna;10;52
Sossêgo;14;23
Novo Santo Antônio;6;9
Belo Monte;4;15
Vila Valério;22;43
Catolândia;11;17
Muqui;24;54
Manoel Vitorino;7;17
Morro Redondo;22;24
Luiziana;7;12
São Miguel do Passa Quatro;9;16
Saloá;13;32
Guaraçaí;16;27
Trairão;15;27
Rio Maria;12;34
Costa Rica;29;79
Machados;10;45
Dona Emma;4;7
Cocal de Telha;17;25
Caturaí;3;6
Oliveira dos Brejinhos;18;28
Tremedal;17;23
Anta Gorda;12;18
São José do Cedro;18;40
Paranapanema;36;58
Apuí;17;52
Juscimeira;16;22
Frei Rogério;14;15
Dois Córregos;30;53
Ibituruna;1;5
Comendador Gomes;8;13
Cajobi;20;29
Piraí do Sul;33;62
Jaguarão;47;76
São José do Jacuípe;13;21
Dona Euzébia;10;15
Nova Santa Rita;27;65
Terezópolis de Goiás;18;36
Cordeiros;22;27
Nossa Senhora de Nazaré;15;27
Arroio Grande;35;57
São Vicente de Minas;10;15
São Sebastião do Caí;25;49
Boa Ventura de São Roque;3;12
Paraguaçu Paulista;90;160
Vertente do Lério;24;40
Socorro do Piauí;8;14
Icatu;17;34
Cristiano Otoni;6;14
Jundiaí do Sul;4;9
Alagoa Grande;48;69
Caldas Brandão;13;33
Ibarama;5;11
Coari;219;614
Cássia dos Coqueiros;10;18
São José do Divino;10;22
Santa Rosa da Serra;0;3
Santo Inácio do Piauí;4;5
São Lourenço do Oeste;32;59
Feliz Deserto;4;7
Santo Antônio das Missões;13;18
Tamandaré;14;36
Pedro de Toledo;6;19
Jesúpolis;3;9
Cristal do Sul;5;9
Rio do Prado;4;8
Conceição de Ipanema;2;7
Capitão Enéas;11;19
Barra de Santo Antônio;6;15
Souto Soares;14;22
Itacajá;29;74
São José do Povo;5;9
Barcelos;30;130
Santa Maria do Oeste;10;21
São Sebastião da Vargem Alegre;6;8
Goianápolis;23;70
Lagoa de Dentro;11;16
São Tomé das Letras;1;10
Novo Airão;42;220
Matina;16;22
Patrocínio do Muriaé;3;5
Benedito Leite;17;28
Analândia;2;4
Nova Soure;30;55
Araçu;5;32
Avelino Lopes;8;21
Volta Grande;3;7
Esmeraldas;59;113
Perdigão;21;49
Antas;35;47
Iporã;22;39
Conceição da Feira;20;32
Saúde;23;66
Itinga do Maranhão;31;45
Frecheirinha;63;204
Selvíria;1;11
Sobrado;26;45
Acajutiba;15;28
Esperantinópolis;23;36
Ninheira;7;14
Vila Pavão;29;48
Correntes;34;55
Douradoquara;4;5
Felixlândia;13;20
Tupanatinga;12;82
Nova Esperança;29;57
Aldeias Altas;14;34
Getulina;12;32
Flores da Cunha;30;61
Goiabeira;4;6
Ivatuba;19;34
Tabapuã;5;9
Pirapemas;13;24
São José da Lagoa Tapada;8;24
Mansidão;17;36
Itapebi;3;5
Abelardo Luz;22;47
Ramilândia;7;9
Deputado Irapuan Pinheiro;35;98
Irupi;18;40
Flórida Paulista;1;9
Serranópolis;15;32
Buriti Bravo;30;38
Cristino Castro;16;30
São Brás do Suaçuí;10;15
Alto Piquiri;5;14
Rio Sono;4;14
Cláudio;83;120
Governador Nunes Freire;21;81
Ministro Andreazza;24;57
Branquinha;6;16
Cansanção;20;50
Santa Bárbara do Sul;6;21
Careiro;28;381
Cachoeira do Piriá;8;13
Bela Vista do Paraíso;23;37
Guapirama;5;14
Belmonte;13;31
Chapada da Natividade;9;15
Lindóia;5;12
Conceição do Almeida;22;32
Alto Jequitibá;8;16
Santo Antônio da Patrulha;86;131
Caturama;14;25
Mazagão;16;31
Inácio Martins;13;19
Matões do Norte;8;21
Inhapi;19;61
Varzedo;6;9
São Lourenço da Serra;27;53
Juramento;6;9
Presidente Sarney;9;29
Nazaré do Piauí;5;8
Porto de Pedras;11;48
Terra de Areia;13;31
Araçaí;6;7
Amaturá;15;46
Natividade da Serra;8;19
Cajati;32;72
Baturité;243;387
Faxinal do Soturno;13;13
Ocauçu;5;14
Anísio de Abreu;21;30
Santo Antônio dos Milagres;4;7
Balneário Pinhal;3;24
Cândido Mendes;29;49
Coronel Sapucaia;12;38
Calçoene;4;11
Lajedo do Tabocal;5;9
Casa Grande;12;16
Rifaina;4;6
Cabeceiras do Piauí;13;25
São Gonçalo do Rio Abaixo;9;24
Dores do Indaiá;23;42
Paraibano;18;50
Rosário Oeste;37;73
Espírito Santo do Dourado;1;5
Bom Sucesso do Sul;8;10
Canguçu;102;123
Itamarati de Minas;4;9
Saboeiro;46;164
Ponto Novo;14;30
Colares;27;65
Irineópolis;7;14
Novo Alegre;2;3
Torrinha;3;9
Materlândia;5;9
Cipotânea;2;5
Bom Jesus das Selvas;32;57
Santo Antônio do Tauá;39;67
Florestópolis;8;21
Aurelino Leal;4;6
Nossa Senhora Aparecida;16;26
Alto Alegre do Maranhão;17;39
Belém de Maria;21;44
Paranacity;17;19
Campinápolis;9;20
Itacurubi;5;9
Juruá;2;48
Faxinal dos Guedes;10;34
Marinópolis;9;16
Montes Claros de Goiás;18;35
Santo Antônio do Leste;12;13
Cruzília;31;42
Lontra;15;23
Taió;23;51
Cacimba de Dentro;37;56
Divino de São Lourenço;20;24
Rio do Oeste;9;12
Salto da Divisa;5;6
Dom Macedo Costa;9;13
Governador Newton Bello;8;13
Rodrigues Alves;26;37
Piranga;13;20
Tombos;10;21
Santa Cruz da Vitória;7;9
Landri Sales;0;2
Senador Georgino Avelino;0;2
Três Fronteiras;2;8
Rochedo;9;16
Nova Canaã do Norte;16;31
Goianésia do Pará;28;75
Cláudia;11;32
Apiacás;8;16
Italva;18;38
Brasil Novo;16;24
Paty do Alferes;44;77
Brasília de Minas;70;92
Ituaçu;14;25
Coxixola;7;8
Araguapaz;10;45
Santa Maria das Barreiras;8;18
Motuca;1;3
Curvelândia;8;12
Irapuã;12;19
Juru;17;40
Rebouças;5;16
Ipiaçu;4;5
Terra Boa;38;74
Óbidos;47;81
Piraí do Norte;3;7
Chã Grande;9;35
Venha-Ver;9;13
Jundiá;11;17
Sede Nova;3;5
Timbé do Sul;2;10
Dores de Guanhães;8;13
Nuporanga;3;12
Serra dos Aimorés;2;8
Anagé;11;23
Boa Ventura;11;32
Tanabi;59;80
Alambari;5;14
São Romão;9;12
Paranatama;18;36
Angélica;5;24
Centro do Guilherme;2;7
Guiricema;29;30
Joselândia;14;25
Vila Bela da Santíssima Trindade;23;42
Quatiguá;14;20
Manoel Emídio;8;12
Jaboti;11;18
Itapejara d'Oeste;37;50
Pedro Teixeira;1;4
Engenheiro Navarro;6;13
Entre Rios do Sul;7;8
Buritama;30;61
Gália;5;12
Mendonça;11;18
Patos do Piauí;15;26
Nantes;9;17
Divisópolis;8;17
São Geraldo do Baixio;2;3
Cachoeira da Prata;14;18
São Luís do Curu;51;104
Chã de Alegria;18;72
Itagimirim;7;7
Lajinha;9;20
Consolação;0;3
Mairipotaba;9;28
Nova Aliança;13;18
São João Batista;39;88
Ritápolis;4;8
Canelinha;14;37
Sabinópolis;21;34
Caapiranga;18;93
Jóia;7;12
Joviânia;8;49
Novo Brasil;5;20
Echaporã;6;11
Guia Lopes da Laguna;13;46
Bicas;27;39
Brazabrantes;7;27
Treze de Maio;11;20
Ingaí;5;6
Rafael Godeiro;18;23
Grossos;25;37
Novo Horizonte do Norte;2;4
Antônio Olinto;9;16
Angatuba;28;76
Ribeirão do Sul;8;18
Ibirataia;17;26
Cidade Gaúcha;19;29
Riachão do Bacamarte;9;31
Taguaí;12;29
Palmitinho;7;9
Retirolândia;25;38
Alvinópolis;5;10
São Gabriel da Cachoeira;68;170
Cordeiro;42;57
Itaara;16;18
Porto Estrela;12;34
Érico Cardoso;10;26
Caconde;25;52
Monte Belo do Sul;7;12
Quinta do Sol;5;5
Ponte Alta do Norte;5;13
Itá;10;20
Barbosa;2;12
São Francisco de Paula;14;38
Comercinho;7;11
Lafaiete Coutinho;3;4
Santa Amélia;5;6
Dom Basílio;21;32
Cândido Mota;30;92
Buriti Alegre;9;27
Tabatinga;146;323
Siqueira Campos;16;42
Balsa Nova;17;32
Martinópole;83;194
Jitaúna;19;38
Palmeirópolis;15;45
Aporé;21;29
Senador Amaral;5;12
Arara;18;32
Itarumã;11;27
Rosário do Ivaí;5;23
Manoel Viana;11;17
Itabela;8;25
Terra Nova;34;90
Guarani de Goiás;13;35
Getúlio Vargas;22;35
Itanhém;21;34
Buritirama;26;39
São Miguel do Tapuio;34;71
São Valentim;4;6
Canapi;22;107
Itambacuri;19;43
Domingos Mourão;11;25
Matias Olímpio;10;15
Pavão;6;13
Varre-Sai;17;44
Marcelino Vieira;25;37
Lagoinha;15;23
Campo Novo;3;6
Rio do Pires;9;17
Carrasco Bonito;2;13
Angical;11;21
Terezinha;10;34
Uiramutã;1;7
São Francisco de Itabapoana;28;87
Vargem Alegre;4;6
Carambeí;35;60
Santa Izabel do Oeste;18;33
Capim;15;28
Anitápolis;7;12
Itaberá;20;43
Palmeiras do Tocantins;11;27
Lagoa da Canoa;27;39
Santa Rita de Ibitipoca;6;12
Paranhos;17;35
Natalândia;21;31
Campanha;36;61
Campina Verde;29;52
Abre Campo;18;25
Andrelândia;18;28
General Câmara;9;14
Estrela do Sul;16;37
Jijoca de Jericoacoara;81;159
Paulistas;2;6
Rio Branco do Sul;53;114
Pojuca;80;102
São Miguel do Anta;17;22
Alvorada do Sul;17;22
Vereda;5;12
São Francisco do Maranhão;9;13
Curral Novo do Piauí;3;6
Piritiba;21;41
Capoeiras;5;40
Progresso;3;5
Cruz do Espírito Santo;21;37
Lençóis;8;21
Nortelândia;7;19
Castelândia;4;21
Lábrea;74;171
Palmeirândia;14;90
Além Paraíba;49;78
Jaguapitã;14;32
Miranda do Norte;21;30
Lidianópolis;4;7
Lucianópolis;3;4
Prata;37;78
Chuí;6;9
Ubaporanga;22;34
Bom Princípio do Piauí;9;16
Pinhal de São Bento;3;3
Querência do Norte;16;33
Iguatemi;9;21
Delfim Moreira;14;22
Ouroeste;17;33
Santo Antônio do Paraíso;1;4
Serra Alta;4;8
Caridade do Piauí;9;18
Carneiros;11;22
Pérola;11;24
Macarani;10;20
Seberi;16;22
Sanharó;9;19
Arroio Trinta;21;27
Mendes;11;23
Capela de Santana;5;8
Santa Fé de Minas;4;10
São Ludgero;13;35
Tupaciguara;37;59
São Francisco do Brejão;8;26
Tururu;65;186
Piranguinho;11;19
Galinhos;3;7
Livramento de Nossa Senhora;47;61
Saudades;33;55
Capela Nova;6;13
Dirceu Arcoverde;7;12
São Braz do Piauí;8;10
Boca do Acre;0;191
Miracatu;13;38
Descanso;12;16
Itutinga;8;10
Saldanha Marinho;4;10
Rialma;17;42
Pombos;22;191
Camalaú;20;55
Mirinzal;61;104
Marcolândia;15;40
Conceição de Macabu;37;84
Jerônimo Monteiro;19;26
São José do Rio Claro;40;63
Estiva;18;36
Novo Triunfo;7;10
Tibagi;14;39
Contendas do Sincorá;14;24
Piaçabuçu;20;37
Muquém do São Francisco;6;21
Soure;69;95
Canarana;70;121
Ivaté;9;11
Santo Antônio do Grama;2;6
Arvorezinha;15;28
Tracunhaém;56;87
Bueno Brandão;14;20
Amaraji;27;73
Governador Edison Lobão;22;55
Comodoro;35;71
Senador Alexandre Costa;21;38
Miraselva;7;8
Monte Azul Paulista;11;40
Itaiçaba;62;86
Itaporã do Tocantins;4;8
Boninal;11;35
Jacuizinho;3;7
Umbuzeiro;19;54
Campos de Júlio;8;25
Ribeira do Amparo;13;36
Almeirim;33;86
Massapê do Piauí;6;15
Jaú do Tocantins;8;17
Couto de Magalhães de Minas;10;17
Ipixuna;20;48
Alto Paraguai;4;8
Borba;25;262
Cabaceiras do Paraguaçu;9;22
Arraial;9;11
Ichu;3;7
Moreira Sales;14;21
Taquari;45;81
Areal;7;21
Pindoretama;127;352
Mirangaba;10;18
Fronteira;21;43
Ribeiro Gonçalves;13;24
Minador do Negrão;13;32
Morro Reuter;6;8
Itajobi;20;38
Turvelândia;16;47
Constantina;5;7
Indiara;10;140
São Brás;7;11
Guairaçá;9;17
Cônego Marinho;7;18
São João do Araguaia;2;11
São Miguel Arcanjo;44;84
Santo Antônio do Amparo;28;46
Barra da Estiva;35;75
Edealina;4;26
Piacatu;4;13
Luminárias;22;26
Ubirajara;7;8
Amapá do Maranhão;5;13
Wagner;1;11
Canavieira;10;13
Augusto Corrêa;32;74
Murici dos Portelas;5;19
Areial;9;15
Monte das Gameleiras;4;7
Olho d'Água das Flores;27;50
Silveiras;4;13
Ouricuri;77;218
Nova Fátima;22;38
Porto Barreiro;0;7
Presidente Jânio Quadros;13;26
Putinga;2;9
Teolândia;22;36
Pontal do Paraná;47;95
Aspásia;1;3
Nova Cantu;10;24
Paim Filho;18;25
Piquet Carneiro;37;98
Santana da Vargem;10;28
Parari;5;8
Goiatins;13;94
Amaral Ferrador;11;16
Itaguaçu da Bahia;27;55
Abadia dos Dourados;9;13
Pejuçara;10;14
Canápolis;19;103
Flores;43;139
Caibaté;2;3
Sul Brasil;16;22
Pareci Novo;5;8
Jenipapo dos Vieiras;5;14
Lindolfo Collor;11;18
Carmo da Cachoeira;19;34
Mimoso de Goiás;1;3
Bela Vista do Toldo;10;25
Morro Agudo de Goiás;4;15
Itatim;16;29
Trombudo Central;5;18
Ipanema;26;63
Uibaí;17;30
Afonso Cunha;8;20
Cacaulândia;8;16
São Domingos do Araguaia;32;63
Ferreira Gomes;12;24
Canudos;28;41
Várzea Branca;7;11
Caiapônia;10;74
Reduto;5;10
Conselheiro Pena;42;65
Santo Augusto;56;66
Dourado;8;16
Juarez Távora;8;16
Humberto de Campos;36;68
Serra Grande;10;41
Lajeado Grande;6;8
Congo;9;18
Serrania;9;13
Cantanhede;8;23
Monte do Carmo;10;28
São Luís Gonzaga do Maranhão;35;61
Abatiá;13;27
Funilândia;5;7
Piquerobi;8;13
Matinhas;15;27
Rio das Pedras;33;84
Pequeri;2;4
Amapá;14;30
Quatipuru;10;13
Deodápolis;26;47
Lima Duarte;24;36
Estrela do Indaiá;5;6
Uniflor;3;7
Fernando de Noronha;4;10
Ribeirão Bonito;20;31
Serra do Salitre;5;17
São Paulo de Olivença;44;176
Tomazina;14;26
Aliança do Tocantins;12;37
Tumiritinga;8;13
Guaraciaba;22;34
Elísio Medrado;17;30
Serra Preta;32;48
Corumbiara;13;41
Guaramiranga;14;38
Pedra do Anta;2;3
Ciríaco;7;9
Serra Negra;26;50
Cumbe;9;12
Bonfim do Piauí;9;12
Caxambu do Sul;10;17
Bom Jesus do Amparo;10;21
Barra do Mendes;17;27
Alcantil;2;3
Coivaras;12;18
Formosa do Oeste;9;17
Quintana;6;12
Peritoró;17;51
Auriflama;29;48
Ibirapuã;3;9
Graça;57;180
Amajari;5;25
Tucunduva;9;12
Terra Alta;11;19
Santo Antônio do Sudoeste;32;49
Paes Landim;6;9
Cardoso;6;22
Arapuá;5;8
Catuti;8;18
Condeúba;14;21
Algodão de Jandaíra;4;7
São Sebastião do Maranhão;9;15
Sítio Novo;32;141
Floresta do Piauí;6;8
Olho d'Água do Borges;11;12
Palmas de Monte Alto;17;31
Clementina;3;10
Cesário Lange;11;58
Sengés;8;27
Ribeira;5;14
Ipaba;12;24
Jacinto Machado;7;21
Três Arroios;8;9
Itiruçu;17;50
Salto do Itararé;3;12
Barra de São Miguel;7;23
Itaiópolis;20;27
Japonvar;9;12
Sebastião Laranjeiras;33;43
Alto Alegre;26;50
Franciscópolis;5;16
Quartel Geral;5;12
Ibaretama;46;151
Taiúva;5;15
Caranaíba;6;11
Ubatã;8;15
Jati;31;83
Jaguaretama;56;127
Agronômica;1;10
São José da Varginha;2;3
Santa Rita do Novo Destino;7;38
São Jorge do Patrocínio;5;10
Roseira;2;20
Floresta Azul;15;24
Sítio Novo do Tocantins;3;19
Boa Vista do Tupim;16;76
Morpará;22;27
Populina;2;11
Maturéia;4;42
Joaquim Gomes;13;32
Tomar do Geru;17;48
Couto Magalhães;7;25
Jacuí;12;20
Goianá;14;23
Mataraca;5;8
Major Vieira;6;17
São Pedro dos Ferros;11;17
Japurá;29;95
João Dias;3;10
Dom Cavati;8;12
Jandaia;12;38
Carlinda;14;47
Mâncio Lima;57;89
São José dos Basílios;24;34
Itanhomi;17;30
Caraá;7;10
Taparuba;11;14
Custódia;40;64
Nova Monte Verde;12;24
Santa Rosa do Piauí;13;20
Macururé;3;6
Mallet;26;46
Redentora;2;14
Manga;24;38
Emas;4;7
Laurentino;16;28
Mirassolândia;2;9
Monsenhor Paulo;5;18
Nilo Peçanha;14;31
Itapuca;5;6
Bernardo do Mearim;11;20
Barra do Turvo;15;31
Riacho Frio;8;15
Terra Rica;27;51
Pai Pedro;6;12
Turiúba;0;2
Riachuelo;20;92
Açucena;10;17
Abreulândia;5;34
Felipe Guerra;10;15
Cordilheira Alta;2;7
Fortim;41;152
Riachão do Poço;11;21
Iacanga;7;8
São José da Tapera;35;84
Panorama;5;26
São Mateus do Sul;52;78
Arantina;8;10
São João do Tigre;9;11
Andorinha;17;20
Baependi;37;61
Bananal;2;15
Itueta;9;12
Santo Antônio do Rio Abaixo;3;5
Frei Gaspar;7;9
Quatro Pontes;8;13
Guaratinga;8;12
Nova Prata do Iguaçu;18;27
Ubaí;21;29
Tapauá;25;51
São José do Campestre;12;18
Ilha Comprida;8;22
Mar Vermelho;8;9
Santana da Boa Vista;9;12
Monte Horebe;1;4
Cordislândia;2;4
Catuípe;6;7
São Nicolau;9;20
Arealva;8;21
Arambaré;0;2
Martins;14;26
Carinhanha;16;28
Indianópolis;11;19
Jordânia;7;13
Rodeio;10;22
Carmo da Mata;15;29
Bernardino de Campos;6;25
São Sebastião do Umbuzeiro;4;7
Água Clara;14;32
Garuva;24;55
Piranguçu;9;15
Fernando Pedroza;1;3
Igaraçu do Tietê;18;43
Jaraguari;7;12
Mato Queimado;5;7
Barão de Melgaço;8;18
Piratini;23;37
Pedrinhas Paulista;8;14
Laranjal;6;20
São José do Inhacorá;4;5
Marcelândia;17;31
Curral de Cima;18;38
Sítio d'Abadia;9;27
Erval Seco;3;5
Garruchos;5;9
Porto Esperidião;19;43
São Lourenço do Piauí;15;21
Áurea;8;9
Timbaúba dos Batistas;3;4
Areias;3;7
Desterro do Melo;5;11
Bom Lugar;14;27
Rosário da Limeira;10;19
Verdejante;12;70
Campos Altos;23;42
Chavantes;6;24
Ascurra;6;16
Varjão;7;24
Aracatu;14;33
Itaoca;6;11
Desterro;20;54
São João da Lagoa;10;13
Palmópolis;5;11
Riacho dos Cavalos;9;62
Santa Teresinha;3;10
Cacequi;7;10
Manoel Ribas;11;27
Bom Progresso;10;19
Tupi Paulista;21;29
Várzea Nova;23;27
São Tiago;24;36
Envira;29;166
Arataca;7;19
Campo Novo de Rondônia;11;32
Vista Serrana;4;12
Gonzaga;2;6
Dobrada;6;43
Junco do Maranhão;7;13
Cabo Verde;6;12
Abel Figueiredo;14;22
Cerro Azul;9;23
Itaíba;34;72
Cachoeira Grande;3;4
Guarinos;1;20
Carutapera;9;29
Santo Inácio;2;4
Pacaraima;10;23
Cordeirópolis;31;86
Telha;10;27
Alto Rio Doce;21;41
Candói;13;28
Santa Maria de Itabira;13;22
Bom Jesus da Penha;6;9
Calumbi;18;55
Cambará do Sul;3;9
Pendências;11;25
Santa Fé do Araguaia;9;31
Cruzaltense;7;7
Alecrim;13;16
Campo Bonito;3;6
Arapeí;2;4
Fortaleza dos Valos;10;15
Codajás;28;200
Cotegipe;14;28
Pantano Grande;13;21
Catarina;51;118
Indiana;4;6
Carnaubal;94;242
São José do Brejo do Cruz;5;10
Capetinga;2;6
Faxinal;30;44
Pocinhos;12;19
Silvanópolis;9;23
Ariranha;2;11
Vidal Ramos;4;8
Carvalhópolis;6;8
Santo Expedito;6;8
Baixio;30;75
Quixabeira;16;22
Chácara;1;3
Doutor Maurício Cardoso;3;6
Gentil;1;1
São Valério;8;15
Tapiraí;1;7
Itarana;25;37
Senador Modestino Gonçalves;11;23
Barbosa Ferraz;8;19
Morretes;15;41
Malhador;27;28
Jesuítas;7;20
Bias Fortes;0;4
Ipira;15;24
Acrelândia;13;32
Brochier;5;11
Rio dos Cedros;7;16
Marilac;5;12
São Jorge;8;12
Boa Vista do Cadeado;1;2
São Gonçalo do Pará;4;14
Queimada Nova;8;12
Boa Vista do Incra;3;7
Catingueira;9;22
Sandovalina;12;14
Alfredo Vasconcelos;5;8
Poço de José de Moura;13;25
Francisco Badaró;5;12
Ajuricaba;9;15
Cruz Machado;3;13
São Vicente do Seridó;19;31
São João do Cariri;8;10
Itapé;6;8
Inajá;7;19
Galvão;2;3
Presidente Vargas;16;22
Mirante da Serra;28;57
Candeal;1;5
Jiquiriçá;16;40
Paula Freitas;8;16
Taciba;3;19
Aripuanã;19;63
Sonora;13;37
Rio Quente;13;24
Lizarda;1;7
Campos Borges;8;11
Iepê;17;22
Rio Bonito do Iguaçu;17;31
Cotiporã;5;5
Gameleira de Goiás;10;20
Marmeleiro;16;27
Rubiácea;3;17
Maripá de Minas;10;14
Engenheiro Caldas;15;20
Santo Antônio do Retiro;7;11
Bilac;7;17
Alto Paraíso;16;38
Maracajá;8;15
Capim Branco;5;15
Floresta do Araguaia;27;68
Penaforte;39;135
São Domingos do Sul;9;10
São Sebastião da Amoreira;2;9
Campinorte;34;117
Ribeirão Cascalheira;2;6
Ribeirão Claro;11;37
Ibiaçá;10;17
Gracho Cardoso;10;17
Caseiros;8;9
Ibirapitanga;10;25
Paulino Neves;27;45
Boqueirão do Piauí;10;20
Iporanga;3;8
Cabrália Paulista;12;27
Senador Sá;54;92
João Costa;3;6
Mascote;4;19
Santa Cruz do Xingu;0;9
Rio das Antas;4;9
Irani;20;33
Orindiúva;3;8
Portelândia;9;17
Marliéria;10;15
Miguel Leão;2;2
Inhaúma;5;9
Acorizal;9;24
Sítio do Quinto;11;17
Nazária;3;7
Sandolândia;18;29
Jacaré dos Homens;3;9
Bocaiúva do Sul;12;23
Tupirama;1;2
Salmourão;0;3
Romaria;4;5
Ivorá;6;6
Santa Rosa de Goiás;11;18
Divino das Laranjeiras;5;11
Balneário Rincão;2;7
Varjota;169;225
Ponte Alta do Bom Jesus;8;17
Pouso Redondo;16;29
Barra do Quaraí;7;13
Serrita;13;78
Pirapetinga;17;25
Nova Redenção;16;23
Guaraniaçu;7;14
Piracema;7;10
Américo de Campos;4;9
São João do Pacuí;4;14
Narandiba;7;18
Maria Helena;2;3
Castanheira;4;17
Coronel João Sá;20;34
São José de Mipibu;19;38
Alto Paraíso de Goiás;1;26
São José do Ouro;13;16
Victor Graeff;5;10
Novo Planalto;8;17
Virgolândia;6;8
Governador Jorge Teixeira;18;77
Silves;25;124
Santa Rosa de Lima;14;26
Braga;5;10
Borda da Mata;2;11
Novorizonte;7;12
Satubinha;20;23
Jari;2;2
Santa Albertina;3;13
Witmarsum;5;15
Flor do Sertão;2;5
Sinimbu;12;21
Maurilândia;12;63
Cajapió;14;33
Alto Alegre do Pindaré;24;57
Águas de Santa Bárbara;5;26
Cuparaque;5;8
Boa Esperança do Sul;4;18
Bujari;7;12
Sucupira do Riachão;6;13
Renascença;5;7
Cândido Godói;7;20
Cristina;4;12
Capitólio;6;16
Maxaranguape;8;11
Desterro de Entre Rios;8;11
Nova Lacerda;7;20
Pedro Laurentino;5;9
Itaguatins;8;27
Lupércio;4;9
São Tomás de Aquino;3;7
Almadina;3;13
Vista Gaúcha;5;7
Baliza;5;11
Rosário do Sul;51;78
Boa Vista das Missões;11;12
Pedralva;19;25
Teixeirópolis;11;24
Córrego do Ouro;8;15
Veredinha;11;18
Pinto Bandeira;8;9
Diamante D'Oeste;8;9
Santa Efigênia de Minas;4;12
Japaraíba;11;23
Itamonte;18;32
Glicério;1;3
Arroio do Sal;6;9
Planaltina do Paraná;7;10
Penalva;34;80
São João do Polêsine;7;9
Santo Amaro do Maranhão;5;11
Pinheirinho do Vale;1;3
Catanduvas;17;37
Belo Vale;8;15
Tibau;12;17
Pedras Grandes;10;13
São Sebastião do Tocantins;1;9
São José do Barreiro;2;7
Rondon;16;26
Pinheiro Machado;8;13
Potim;3;13
Adelândia;1;5
Anapu;14;40
Tarabai;5;11
Ouro Verde do Oeste;3;11
Tabocas do Brejo Velho;16;21
Mariápolis;1;8
Laranjeiras;9;26
Mendes Pimentel;4;13
Dom Aquino;4;11
Carlópolis;37;77
Paula Cândido;12;14
Corguinho;4;10
Jardim de Angicos;2;3
Enéas Marques;17;27
São José do Sul;0;4
São José dos Ausentes;2;4
Parnaguá;11;26
Ingazeira;14;35
São Martinho;10;15
Santa Cecília do Sul;1;1
Tupãssi;6;14
Bozano;1;4
Francisco Dantas;5;7
Monção;17;44
Morada Nova de Minas;5;13
Palestina do Pará;3;7
Dona Francisca;11;12
Itaueira;6;15
Pedra Branca do Amapari;3;26
Morungaba;3;19
Pratânia;4;22
São Francisco do Pará;18;25
Santo Antônio da Barra;8;64
Itapitanga;3;3
Limeira do Oeste;16;33
Barro Duro;8;20
Icaraí de Minas;4;8
Aiquara;4;5
Trombas;6;31
Sud Mennucci;4;15
Novo Acordo;14;21
Unistalda;7;8
São João do Ivaí;3;16
Pilão Arcado;12;35
Santa Rita d'Oeste;0;2
Catuji;7;8
Campo do Tenente;3;7
São João do Caiuá;5;9
São João da Ponta;10;16
Severiano de Almeida;6;8
Emilianópolis;6;11
Major Isidoro;6;26
Orós;78;168
Nova Porteirinha;2;7
São Pedro do Turvo;8;25
São João da Mata;4;12
Guarantã;3;7
Ponte Alta;9;13
Mandirituba;21;42
São José do Calçado;3;14
São José do Sabugi;16;22
Cana Verde;13;16
Ibitiara;5;11
Diorama;4;10
Ibicuitinga;57;161
Dom Inocêncio;9;19
Zabelê;3;4
Conceição da Aparecida;4;9
Campo Grande do Piauí;15;31
Junco do Seridó;20;29
Riacho de Santo Antônio;7;14
Serra do Ramalho;17;34
Gurupá;6;15
Iraceminha;11;20
Imaruí;18;38
Charrua;4;5
Maçambará;9;19
Brejo de Areia;3;13
Santa Luzia D'Oeste;8;26
Lagoa de Pedras;6;19
Eldorado;15;57
Campo Belo do Sul;11;16
Biquinhas;1;4
Pingo d'Água;8;10
Serra Redonda;13;19
Lagoa de São Francisco;10;20
Joaquim Távora;14;27
Siriri;15;27
Natércia;3;6
Bento de Abreu;1;1
Salto do Céu;7;8
Manari;10;34
Japoatã;18;60
Lindóia do Sul;7;9
Jangada;15;31
Várzea do Poço;23;34
Canabrava do Norte;3;8
Barra do Guarita;3;7
Coronel Bicaco;1;1
General Maynard;11;18
Muricilândia;4;10
Tesouro;3;4
Pescaria Brava;8;20
André da Rocha;0;2
Equador;9;12
Piquete;6;14
Jequeri;7;15
Bom Sucesso de Itararé;3;9
Machacalis;6;7
Virginópolis;6;16
Antonina do Norte;30;117
Olho d'Água Grande;4;6
Santo Antônio do Içá;31;135
São Gonçalo do Rio Preto;4;7
Lagoão;3;7
Abaíra;6;9
Lagoa do Barro do Piauí;10;23
Bandeira do Sul;5;13
Milton Brandão;8;11
Itaipava do Grajaú;7;29
Wanderlândia;6;41
Mata Roma;24;57
Água Fria;10;16
Ressaquinha;4;11
Santa Mercedes;3;4
Porto dos Gaúchos;6;11
Rio Acima;5;12
Urânia;9;22
Palminópolis;14;27
Jequiá da Praia;1;1
Bonfinópolis de Minas;16;21
Uru;3;5
Entre Rios do Oeste;5;10
Pracinha;2;5
Paulo Frontin;11;16
São Sebastião do Alto;2;15
Gaurama;5;10
Campos Novos Paulista;2;8
Centenário do Sul;7;16
Reserva do Iguaçu;8;14
Água Comprida;0;3
Josenópolis;3;7
Lagoa Alegre;27;61
Palma;7;11
São Benedito do Sul;8;55
Alto Taquari;6;21
Diogo de Vasconcelos;6;8
Altaneira;26;82
Sangão;6;29
Santa Isabel do Ivaí;8;13
Figueira;5;20
Califórnia;12;19
Itatinga;13;41
Abaiara;51;154
Conceição das Pedras;2;5
São José do Jacuri;16;20
Corumbataí;1;7
Camargo;5;6
Tasso Fragoso;11;33
Palmeirante;4;35
São João do Manteninha;3;12
Major Gercino;3;5
Riacho da Cruz;8;9
Serra Caiada;10;25
Restinga;4;25
Jacareacanga;2;6
Orocó;16;34
Santa Clara do Sul;8;14
Conceição do Rio Verde;5;19
Mato Verde;15;26
Marizópolis;11;31
Jequitibá;2;8
Valentim Gentil;5;11
Angelina;5;8
Comendador Levy Gasparian;4;14
Pauini;14;116
Sagres;0;4
Paraná;4;5
Sigefredo Pacheco;3;11
Dois Irmãos das Missões;1;2
Tio Hugo;5;14
Uchoa;12;26
Vera Mendes;4;9
Biritinga;29;70
Santa Maria do Suaçuí;13;27
Pedro Régis;15;17
Flores do Piauí;7;13
Pilõezinhos;5;10
Passabém;4;5
Chorrochó;5;18
Santanópolis;12;13
Paranapoema;2;5
Jardim do Seridó;15;19
Vale do Paraíso;12;18
Porto Firme;8;14
Pontão;2;4
Major Sales;8;9
Terra Roxa;26;77
Pontal do Araguaia;2;4
Óleo;2;17
Capitão Andrade;5;13
Campina do Monte Alegre;3;9
Pedras Altas;1;3
Catas Altas;13;15
Inhangapi;5;14
Poloni;5;15
Tamarana;5;8
Correia Pinto;6;14
Teixeira Soares;8;14
Américo Brasiliense;18;51
Joca Claudino;1;5
Garibaldi;30;60
Moeda;3;9
Dilermando de Aguiar;4;5
Cunha Porã;12;25
Ponto Chique;2;6
Juti;5;8
Araçoiaba da Serra;25;51
Capão do Cipó;4;10
Parazinho;5;11
São Sebastião do Oeste;4;7
Divisa Nova;4;9
Alvinlândia;1;3
Ilha Grande;19;39
Gado Bravo;12;35
Iguaraçu;4;9
Espírito Santo;5;9
Mateiros;3;4
Duartina;10;31
Lambari D'Oeste;5;14
Araguacema;8;34
Ipupiara;12;18
Chaves;3;22
Dionísio Cerqueira;8;19
São Pedro do Ivaí;8;21
Alto Rio Novo;21;26
Santa Rita do Trivelato;6;9
Mostardas;0;8
Guimarânia;4;7
Itacambira;16;19
Estrela de Alagoas;11;22
Joaquim Nabuco;13;56
São João de Iracema;1;3
Aguiarnópolis;12;19
São João do Itaperiú;6;13
São José de Ubá;2;12
Malhada;9;17
Torre de Pedra;1;4
Serraria;9;12
Olímpio Noronha;7;11
Lavandeira;1;7
Passa Vinte;2;5
Itaju do Colônia;10;15
Marabá Paulista;1;5
Caldeirão Grande do Piauí;10;15
São Gonçalo do Piauí;3;11
Canas;5;11
Ibicoara;13;16
Marilena;2;6
Botuverá;1;8
Oliveira de Fátima;7;11
Santa Rita de Jacutinga;6;6
Caiabu;7;9
Placas;8;21
Juranda;7;21
Jussari;3;11
Pedro Alexandre;40;76
Pariconha;24;81
Passo de Camaragibe;7;13
São João da Urtiga;9;14
Antônio Prado de Minas;3;9
Crucilândia;3;11
Vila Nova dos Martírios;2;22
Nova Roma do Sul;3;6
Paraíso do Sul;10;11
Mercedes;10;19
Marcelino Ramos;3;3
São Miguel do Gostoso;4;16
Aratuba;78;152
Irapuru;0;8
Serranópolis do Iguaçu;13;19
Palhano;50;89
Santa Maria do Herval;6;22
Santana de Pirapama;3;10
Pugmil;6;11
Adolfo;2;4
Jambeiro;4;8
Ribeirão Vermelho;4;6
Porto;15;21
Santa Tereza de Goiás;9;17
Iomerê;3;5
Cardeal da Silva;6;7
Denise;12;30
Buenópolis;10;18
Serra do Mel;3;7
Encruzilhada;9;22
São Paulo das Missões;17;20
Santa Margarida do Sul;4;4
Santana do Deserto;3;7
São Pedro da União;2;2
Jutaí;9;93
Mauá da Serra;6;16
Fontoura Xavier;13;27
Luís Domingues;12;18
Nísia Floresta;6;15
Lupionópolis;5;8
São João do Carú;5;32
Tapiratiba;11;15
Munhoz;4;9
Caém;4;29
Palma Sola;8;18
Ibicaré;2;6
Flores de Goiás;11;58
Lavras do Sul;5;18
Muliterno;5;7
Itaverava;2;5
Antônio Martins;7;8
Santo Antônio do Jacinto;2;19
Joanésia;2;6
São José do Mantimento;5;9
Sabáudia;9;14
Santo Antônio da Alegria;3;9
Frei Inocêncio;2;8
Nova Canaã Paulista;1;10
Varjão de Minas;6;9
Morro Cabeça no Tempo;2;4
Inocência;4;16
Serra Negra do Norte;6;8
Patis;4;9
Vista Alegre do Alto;1;11
Planaltino;5;57
Júlio Borges;7;17
Itatira;145;333
Paquetá;6;10
São Francisco do Oeste;2;4
Anhembi;10;19
Borá;0;3
Damolândia;4;8
Nova Santa Helena;6;10
Elias Fausto;7;24
Salgado Filho;3;7
Chiapetta;9;9
Jardim Olinda;2;3
Setubinha;4;9
Águas de São Pedro;1;4
Novo Horizonte do Sul;6;13
Monte Carlo;7;10
Gramado dos Loureiros;4;7
David Canabarro;21;26
Bocaina do Sul;4;6
Sapucaí-Mirim;2;8
Martins Soares;4;10
Carmolândia;5;11
Acaiaca;3;5
Rolador;3;6
Nova Bréscia;6;8
Tupandi;0;2
Rio Grande do Piauí;4;20
Santa Lúcia;3;18
Feira Nova do Maranhão;6;10
Claro dos Poções;8;11
Britânia;15;63
Urubici;7;21
Mineiros do Tietê;0;13
Cidreira;14;40
Cambuquira;6;7
Barra do Ouro;7;41
Rio dos Bois;8;16
Curral Velho;4;15
São Bento do Norte;4;16
Itajá;11;23
Ilhota;6;14
Alto Horizonte;7;47
Alvorada do Gurguéia;10;15
Pinhalão;7;16
Cristal;11;17
Triunfo Potiguar;5;9
Paranapuã;4;7
Lamarão;35;51
São José da Bela Vista;7;34
Pinhal da Serra;4;17
Janduís;7;13
Cantá;12;24
Nova Roma;1;23
Rio Novo;4;12
São Jorge d'Oeste;10;16
José Boiteux;3;8
Tocantínia;14;41
Mirim Doce;5;9
Honório Serpa;6;15
Colinas do Sul;2;8
Astolfo Dutra;5;11
Peri Mirim;1;3
Romelândia;6;16
Dom Bosco;5;8
Igaratá;8;15
Croatá;86;234
Wanderley;9;20
Santana do São Francisco;9;21
Vale Real;7;12
Ubarana;3;7
Melgaço;39;67
Santana do Itararé;6;41
Capão Bonito do Sul;2;4
Guapé;9;35
Rio Crespo;2;10
Maratá;3;6
Córrego Novo;2;3
Santa Terezinha do Progresso;8;12
Porto Alegre do Tocantins;2;7
Mata;10;13
Altair;1;1
Ielmo Marinho;4;8
Nossa Senhora do Livramento;12;23
Peçanha;14;22
Ataléia;10;12
Lagoa d'Anta;11;26
Araguanã;11;37
Matutina;3;6
Pintópolis;8;13
Terra Nova do Norte;14;34
Cerrito;3;6
Mucajaí;20;41
Trabiju;5;9
Sete de Setembro;5;5
Tocos do Moji;6;13
Balbinos;1;5
Porto Rico;2;6
Álvares Florence;1;9
Mário Campos;7;12
Nova Pádua;3;6
Perobal;3;9
Santa Cruz de Goiás;11;20
Lontras;13;30
Ibirá;0;6
Lago do Junco;25;49
Assis Brasil;6;7
Suzanápolis;5;10
Miravânia;1;3
Conselheiro Mairinck;4;9
Bugre;3;7
Grandes Rios;4;9
Bom Jesus do Oeste;7;10
Jumirim;3;10
Santo Hipólito;1;5
Tapiramutá;44;104
Turilândia;4;10
Jardim Alegre;3;10
Carrapateira;8;12
Amaralina;5;13
Braúnas;1;6
Sales;5;8
Santo Antônio do Jardim;6;23
Caxingó;19;24
São Gonçalo do Abaeté;5;10
Colônia do Piauí;9;13
Missal;15;22
Macuco;8;14
Cristais Paulista;2;11
Adrianópolis;3;11
Grão Mogol;5;10
Santo Antônio do Palma;1;3
Alto Paraná;15;39
Cariri do Tocantins;1;16
Santa Branca;11;28
Águas Frias;10;15
Quatis;6;15
Taquaruçu do Sul;6;6
Piedade de Ponte Nova;3;4
Nova Laranjeiras;9;25
São Miguel dos Milagres;11;24
Ibipeba;19;31
Piedade do Rio Grande;6;8
Gouvelândia;6;13
Quadra;1;8
Águas Mornas;15;24
São Roberto;4;15
Marapoama;1;6
Pedra do Indaiá;1;3
Divinolândia de Minas;5;6
Itamari;1;3
Rancho Alegre;1;4
Mato Grosso;6;16
Pequi;0;4
Araguaiana;5;6
Luzinópolis;2;5
Assunção do Piauí;2;9
Arroio do Padre;4;7
Pedra Grande;0;2
Ibiracatu;4;8
Careaçu;7;10
Minas do Leão;12;16
Guarda-Mor;12;15
Urucuia;7;10
Hulha Negra;3;6
Conquista D'Oeste;5;9
Rubinéia;2;7
Nova América;5;14
Santo Antônio do Itambé;1;9
Porto Walter;16;30
Claraval;2;12
Francisco Ayres;3;5
Cromínia;2;27
Mombuca;3;12
Delfinópolis;7;13
Siderópolis;3;8
Herculândia;1;4
Madeiro;3;26
Primeiro de Maio;3;10
Medeiros;0;2
Moema;8;20
Alto Parnaíba;10;27
Miraguaí;3;7
Bonópolis;2;15
Novo Mundo;2;7
Taquaraçu de Minas;4;6
Bodoquena;17;31
Palmeirina;7;29
Itapirapuã;10;40
Taquaral de Goiás;12;31
Caracol;9;17
Dionísio;12;16
Maraial;3;51
Santa Ernestina;2;5
Pavussu;0;4
Santópolis do Aguapeí;2;6
Pedro Velho;14;107
Abdon Batista;3;7
Aguiar;10;36
Formosa do Sul;5;8
Cachoeira de Pajeú;4;8
Cerro Grande do Sul;11;16
Jussiape;14;22
Alto Boa Vista;6;12
Reginópolis;4;5
Jandaíra;8;17
Juarina;2;6
Solidão;25;66
Pinheiro Preto;6;11
Itaipé;7;10
São José da Safira;1;5
Felício dos Santos;8;9
Vermelho Novo;2;4
Reserva;19;46
Santana do Maranhão;15;18
Itaju;7;10
Iramaia;5;10
Aragominas;3;10
Primeira Cruz;3;11
Lourdes;6;9
Cutias;0;6
Coronel João Pessoa;3;13
Atalaia do Norte;26;102
Tamboril do Piauí;5;12
Campo Florido;3;14
Tacuru;14;28
Terra Santa;9;35
Crixás do Tocantins;7;11
Brejo Grande;22;62
Prata do Piauí;10;14
Campos Verdes;11;22
Brunópolis;4;9
Caetanos;9;17
Pardinho;1;5
São José dos Cordeiros;1;4
Erebango;5;7
Mirabela;9;14
Perolândia;7;18
Pocrane;9;14
Soledade de Minas;1;6
Porto Vitória;6;13
Santa Maria da Serra;2;6
Ibitiúra de Minas;2;5
União do Sul;9;15
Cachoeira de Minas;3;9
Ouro Velho;2;5
Tabuleiro;2;4
Lacerdópolis;6;8
Dois Lajeados;3;11
Figueirópolis D'Oeste;2;9
Santana do Garambéu;1;3
Cumari;1;1
Avaí;1;8
Cristalândia;13;20
Nova Guarita;2;12
Nova Candelária;5;5
São Miguel do Aleixo;7;15
Pirajuba;9;15
Travesseiro;1;2
Santana da Ponte Pensa;1;2
Porto Alegre do Piauí;2;5
Glória D'Oeste;6;8
Passagem Franca do Piauí;4;6
Campo Azul;6;12
Tiradentes;8;12
São Vendelino;2;5
Leoberto Leal;7;13
São Pedro do Butiá;6;6
Pranchita;7;12
Nova Tebas;9;23
São Miguel de Taipu;12;27
Montezuma;6;14
Canitar;3;13
Arvoredo;4;8
Guajeru;7;10
Ibirajuba;3;7
Imbuia;9;13
Arceburgo;6;11
Salitre;68;186
Salvador das Missões;6;6
Braço do Trombudo;5;8
Borrazópolis;7;14
Coronel Domingos Soares;6;13
Pacaembu;1;7
Senador Cortes;7;15
Jupiá;4;5
Sebastianópolis do Sul;1;8
Itambaracá;4;9
Coronel Freitas;13;15
São Patrício;7;42
Dois Riachos;6;24
Japira;3;4
Cajazeiras do Piauí;5;10
Igaratinga;2;14
Pouso Alto;3;9
Ubiretama;2;7
Ipiranga do Sul;2;2
Sebastião Leal;3;3
Serrano do Maranhão;10;15
Tanque d'Arca;4;21
Padre Carvalho;1;4
Tabaí;8;15
Jaboticaba;9;14
Indiavaí;1;5
Vale de São Domingos;5;15
Sério;1;5
Porangaba;5;12
Salete;5;14
Gouveia;17;31
Fênix;3;4
Santa Bárbara do Tugúrio;2;4
Estiva Gerbi;6;21
Balneário Gaivota;3;12
Marcos Parente;4;8
Novo Barreiro;11;15
Porto Amazonas;7;8
Dom Pedro de Alcântara;4;9
Jaguaraçu;2;3
Brás Pires;2;3
Santana do Cariri;53;156
Gurinhatã;1;6
Carrancas;9;16
Maiquinique;5;10
Mormaço;6;16
Senador Rui Palmeira;4;20
Piedade de Caratinga;7;13
Mairi;20;27
Campo Alegre de Goiás;2;8
Rubim;8;19
Santo Expedito do Sul;3;5
Luiziânia;2;2
Congonhas do Norte;2;4
Ponte Branca;5;6
Pirapó;2;7
Vila Flores;2;4
Luciara;1;2
Sampaio;4;43
Pindoba;5;7
Nova Alvorada;8;9
Nova Itarana;2;2
Perdizes;5;22
Santo Antônio do Aventureiro;1;2
Nova Boa Vista;16;22
Presidente Alves;2;6
Guaraqueçaba;6;23
Florínea;4;5
Salto Grande;5;15
Calmon;1;2
Boa Vista do Sul;1;2
Ferros;7;9
União do Oeste;4;6
Virmond;7;11
Novo São Joaquim;9;15
Inhacorá;3;6
Jaci;4;14
Paverama;0;3
Canutama;20;39
Nina Rodrigues;8;14
Jeceaba;3;12
Recursolândia;7;52
Espigão Alto do Iguaçu;1;5
Bonfim;11;36
Monteirópolis;11;31
Pedras de Maria da Cruz;7;14
Pratinha;3;5
Jaupaci;3;12
Cuité de Mamanguape;9;33
Coqueiro Seco;6;13
Novo Itacolomi;1;6
São Bonifácio;2;4
Mariano Moro;1;1
Prados;12;16
São Pedro da Cipa;3;5
Camacho;2;3
Ewbank da Câmara;6;14
Ipuaçu;5;14
Quinze de Novembro;5;7
Paulo Lopes;2;15
Tigrinhos;2;4
São Sebastião do Anta;2;6
Cristópolis;10;23
Tenente Laurentino Cruz;2;5
Fernando Falcão;1;5
Santana de Mangueira;7;37
Ribeirão Grande;7;57
Novo Oriente de Minas;7;13
Areiópolis;7;29
Queluz;1;9
Pedra Bela;4;6
Coronel Barros;6;7
Sertaneja;7;23
São Valentim do Sul;1;7
Virgínia;3;10
Dolcinópolis;1;2
Eugênio de Castro;0;1
Tibau do Sul;9;17
Caiçara do Rio do Vento;2;3
Roque Gonzales;4;6
Bernardo Sayão;4;11
Ponto dos Volantes;5;23
Rubelita;3;10
Itapura;1;3
Herval;5;8
Xambrê;8;9
Ibiraci;3;6
Águas de Chapecó;0;3
Timburi;6;9
Nova Erechim;7;15
São José das Palmeiras;0;1
Modelo;9;15
Peabiru;2;9
Vila Boa;8;53
Leópolis;2;2
Turuçu;1;2
Porteirão;3;26
Zacarias;0;2
Santo Antônio de Goiás;4;14
Rochedo de Minas;2;3
Caputira;8;13
Treviso;4;6
Mato Rico;2;8
Doutor Ulysses;2;7
Gaúcha do Norte;5;17
São Miguel das Missões;8;17
Nova Iguaçu de Goiás;5;20
Monte Formoso;1;3
Toropi;4;8
Ibiaí;5;12
Jampruca;4;8
Jenipapo de Minas;9;21
Itamarati;25;72
Lavrinhas;1;5
Coqueiros do Sul;1;1
Lindoeste;7;14
Ipueira;1;1
Joaíma;6;28
União de Minas;5;9
Pedro Avelino;2;3
Ivolândia;5;12
Uirapuru;4;21
Gonçalves;1;8
Luislândia;4;6
Amparo de São Francisco;4;6
Lagoa dos Patos;2;6
Ivaí;14;24
Águas da Prata;2;6
Serra Nova Dourada;1;3
Pimenteiras do Oeste;4;14
Murutinga do Sul;3;6
Dores do Rio Preto;7;17
Floraí;2;9
Darcinópolis;5;30
São Bentinho;9;28
Belém do Piauí;5;9
Nova Santa Rosa;8;14
Montes Altos;20;33
Redenção do Gurguéia;4;20
Japi;7;12
Pereiras;2;10
Caturité;2;4
Lagoinha do Piauí;7;11
Itapiratins;12;23
Sambaíba;5;7
Novais;4;7
Caiuá;2;4
Leandro Ferreira;1;8
Dois Irmãos do Tocantins;4;22
Itapirapuã Paulista;5;9
Frei Lagonegro;4;6
Cristianópolis;1;10
Cedro do Abaeté;2;2
São Raimundo do Doca Bezerra;6;19
Água Limpa;4;17
Brejinho de Nazaré;9;43
Relvado;7;9
Palmelo;6;18
Olaria;4;8
Maraã;17;117
Goioxim;16;24
São Francisco do Glória;6;8
Sem-Peixe;1;3
Capitão;2;3
Rancho Queimado;5;7
João Ramalho;0;4
Jaguaripe;1;1
Magalhães Barata;7;24
Felisburgo;1;4
Minduri;3;6
São Geraldo da Piedade;2;3
Casinhas;12;63
Amorinópolis;2;11
Tabocão;6;17
Campinas do Sul;6;7
Janiópolis;2;6
Campinaçu;7;24
Monte Alegre dos Campos;1;3
Tejupá;4;10
Nova Campina;5;115
Diamante do Sul;4;12
Sucupira;3;11
Rondinha;5;6
Celso Ramos;2;7
Crisólita;4;7
São José do Xingu;5;10
Presidente Lucena;5;6
Pium;5;37
Silveira Martins;5;9
Cajuri;3;5
Flor da Serra do Sul;5;7
Redenção da Serra;1;3
Selbach;5;8
Nova Rosalândia;3;11
Vargem Grande do Rio Pardo;3;6
Laguna Carapã;4;8
Barra Funda;1;3
Monte Castelo;6;21
Fazenda Vilanova;3;4
Vista Alegre do Prata;3;3
Santa Juliana;7;14
Nicolau Vergueiro;2;2
Guaimbê;0;4
Farol;3;6
Santa Cruz de Salinas;6;10
Guzolândia;3;14
São Pedro da Água Branca;2;14
São José de Princesa;2;5
Tufilândia;4;8
Barcelona;3;4
Chiador;0;1
Grupiara;5;6
Bela Vista da Caroba;7;14
Alto Caparaó;1;4
Fagundes Varela;2;3
Bandeira;2;4
Mesópolis;0;6
São Sebastião da Bela Vista;3;11
Icaraíma;8;11
Santana do Jacaré;0;8
Central de Minas;2;8
Rio Manso;9;15
Pracuúba;10;16
Sátiro Dias;5;7
São Jerônimo da Serra;5;13
Chapadão do Lageado;1;4
Piraquê;1;5
Pedro Osório;9;12
Peritiba;2;3
Tuiuti;3;8
Amparo do Serra;4;9
São Félix do Tocantins;3;7
Canudos do Vale;1;5
São Sebastião do Uatumã;8;60
Borebi;1;7
Alvorada de Minas;4;7
Pau D'Arco do Piauí;11;16
Itaúna do Sul;5;7
Santa Tereza do Oeste;0;3
Morro da Garça;3;3
Amaporã;8;13
Januário Cicco;4;6
Paiva;2;3
Viadutos;4;7
Mamonas;3;3
Lajeado Novo;17;19
Pequizeiro;4;12
Mariópolis;3;9
Marquinho;2;4
Uruana de Minas;1;2
Ipecaetá;6;9
Painel;2;6
Matrinchã;4;19
Aguanil;2;4
Ribeirão dos Índios;5;5
Argirita;2;2
Rio Branco do Ivaí;1;8
São Pedro do Iguaçu;11;13
Senador José Bento;1;4
Estrela Velha;1;1
Rio Doce;2;3
Serranos;1;5
Aurilândia;0;2
Nova Esperança do Sudoeste;6;7
Verdelândia;6;13
Iaras;1;8
Ereré;23;68
Engenheiro Beltrão;6;14
Itinga;9;24
Cerro Branco;5;6
Corbélia;8;23
Rio Bom;1;6
Saubara;1;6
Rio Vermelho;5;13
Tuneiras do Oeste;3;9
Coronel Pacheco;1;2
Boracéia;5;14
Vargeão;1;2
Mirante;6;9
Rondolândia;1;4
Santa Cruz do Arari;3;7
Presidente Nereu;3;5
Currais;3;3
Barão de Antonina;3;11
Ariranha do Ivaí;5;7
Campina do Simão;3;7
Santa Filomena do Maranhão;2;6
Anahy;3;4
Senador Elói de Souza;3;3
Ipiguá;6;13
Miraí;3;9
Ermo;3;8
Gavião;3;7
Orizânia;1;8
Ribeirãozinho;4;5
Tupiratins;2;3
Muçum;5;6
Severiano Melo;5;8
São Gonçalo do Gurguéia;2;4
Lajeado do Bugre;4;5
Esperança Nova;0;1
Almirante Tamandaré do Sul;1;2
Jaquirana;0;1
Alegria;1;6
Vitorino;5;7
Santa Cruz da Esperança;2;3
Glorinha;5;10
Paraíso do Norte;2;4
Rio Fortuna;1;9
Cachoeira Alta;8;34
Pedranópolis;4;6
São Domingos do Cariri;3;6
Nova América da Colina;1;4
José Raydan;2;2
Confins;4;7
Agrolândia;2;11
Oliveira Fortes;5;5
Morro Grande;5;5
Paial;1;3
Catiguá;0;3
Santana do Piauí;7;8
Periquito;2;4
Inimutaba;2;2
Lassance;1;6
Altamira do Maranhão;2;7
Aceguá;2;6
Benjamin Constant do Sul;1;3
Imbé de Minas;2;10
Santa Helena de Minas;13;22
Chuvisca;7;9
Barra do Rio Azul;7;9
São José do Peixe;3;4
Barro Preto;5;7
Manduri;5;15
Ourizona;3;8
Sulina;2;8
Arandu;1;7
Flórida;4;5
São José do Bonfim;5;18
Brasilândia do Sul;4;5
Nacip Raydan;5;6
Barra Longa;0;2
Vista Alegre;4;5
Cristália;5;10
Lagoa dos Três Cantos;4;4
Araguainha;1;1
São Miguel do Fidalgo;6;8
União da Serra;2;2
Aveiro;1;6
Sagrada Família;0;2
Parecis;0;7
Natuba;1;2
Areia de Baraúnas;5;25
Barra do Jacaré;3;4
Pains;4;10
Salgado de São Félix;16;45
Ilópolis;2;5
São João da Paraúna;3;6
Ribeira do Piauí;4;10
Santa Cruz da Conceição;1;2
Serra da Raiz;5;6
Sabino;2;5
Pinhal;3;4
Nova Brasilândia;2;5
Aroeiras do Itaim;5;6
Piedade dos Gerais;2;8
Santa Maria do Tocantins;3;27
Cocal dos Alves;44;80
Conceição do Tocantins;4;12
Bocaina de Minas;3;4
Nova Nazaré;1;3
Hidrolina;4;6
São José da Boa Vista;2;3
Ventania;5;16
Pau Brasil;6;9
Israelândia;3;7
Dueré;2;7
Cumaru do Norte;4;8
Doutor Severiano;6;12
Vitória Brasil;0;2
Vanini;1;1
Itaubal;2;9
Pureza;8;10
Vespasiano Corrêa;1;1
Lagoa do Sítio;6;7
Sarutaiá;0;3
Zortéa;1;4
Tunas;3;5
Pérola d'Oeste;4;9
Nova Luzitânia;0;2
Vale Verde;5;13
Lunardelli;2;7
Seritinga;1;2
Glaucilândia;2;5
Serra de São Bento;4;9
Joaquim Felício;7;12
Três Palmeiras;6;8
Matos Costa;2;5
Bom Jesus do Sul;4;5
Itobi;5;15
Campo Largo do Piauí;3;16
Godoy Moreira;2;8
Senhora do Porto;4;7
Anhanguera;1;5
Nova Ramada;2;5
Olho D'Água do Piauí;7;14
São Bernardino;5;9
Caatiba;1;4
Quarto Centenário;5;10
Ibiam;1;3
Pato Bragado;3;5
Santa Tereza;7;9
Japaratinga;5;14
Derrubadas;3;5
Quevedos;2;3
Presidente Castello Branco;1;4
Turvolândia;1;3
Ibiquera;9;30
Espírito Santo do Turvo;0;4
São Miguel da Boa Vista;1;4
Platina;1;8
Alpercata;1;1
Guarará;1;2
Vicente Dutra;3;3
Antônio João;5;14
Guabiju;2;5
Flexeiras;0;2
Lutécia;0;1
Pindorama do Tocantins;4;14
Tuparendi;0;1
Santa Rita do Tocantins;1;1
Sentinela do Sul;4;7
Novo Xingu;1;1
Tenório;3;6
São Martinho da Serra;2;4
Barreiras do Piauí;8;13
Cafezal do Sul;4;6
Esmeralda;3;8
Jesuânia;1;5
São João do Pau d'Alho;0;2
Simão Pereira;0;1
Ribeirão do Largo;2;3
Cafeara;0;2
São Manoel do Paraná;5;7
Galiléia;0;2
Santa Rosa do Purus;5;9
Coluna;4;8
Córrego Danta;1;2
Cedro de São João;5;9
Malhada dos Bois;1;11
Cocalinho;1;3
Mariana Pimentel;2;3
Coqueiro Baixo;2;4
Conceição do Pará;0;3
Cravolândia;6;9
Treze Tílias;0;6
Santo Antônio do Planalto;2;2
São José dos Ramos;2;6
Dom Joaquim;1;3
Gameleiras;1;7
Mercês;2;9
Novo Jardim;0;12
Cândido Rodrigues;2;8
Piau;0;1
Santana do Seridó;1;3
Cruzália;1;2
Matias Cardoso;3;8
Nova Marilândia;3;8
Brejo Alegre;0;3
Acauã;3;7
Nova Módica;2;3
Durandé;1;5
Santa Cruz dos Milagres;4;8
Joca Marques;2;13
Embaúba;0;1
Cunhataí;3;4
Imigrante;2;3
Taipas do Tocantins;2;6
São Bento do Trairí;2;2
Mariluz;1;5
Parapuã;0;3
São Pedro do Suaçuí;4;6
Dezesseis de Novembro;0;1
Berizal;1;2
Flora Rica;3;6
Frei Martinho;1;2
Pedrinópolis;2;10
Monções;1;1
Marumbi;2;3
São Valério do Sul;1;3
Altamira do Paraná;6;6
Santa Carmem;0;1
Ribeirão Corrente;1;6
São Pedro do Paraná;1;1
Jardim do Mulato;0;3
Santa Rita do Pardo;5;10
Colômbia;4;15
Indiaporã;1;6
Santa Tereza do Tocantins;1;3
Manfrinópolis;1;1
União Paulista;0;3
Milagres do Maranhão;1;2
Onda Verde;1;4
São Sebastião do Rio Verde;1;4
Oratórios;2;4
Corumbataí do Sul;2;5
Alto Feliz;2;2
Cerro Negro;1;8
Mathias Lobato;1;1
Guarani;1;2
Mampituba;3;4
Marema;2;5
Pilar de Goiás;1;13
Figueirão;1;2
Santa Cruz do Escalvado;2;4
Novo Tiradentes;3;4
Hugo Napoleão;1;2
Brasilândia do Tocantins;3;8
Monjolos;1;2
Nova Esperança do Sul;1;9
Porto do Mangue;4;5
Erval Grande;0;1
Júlio Mesquita;1;4
Ibertioga;2;4
Imbaú;2;8
Brejo do Piauí;4;8
São Pedro das Missões;1;2
Nova Belém;2;7
Jeriquara;0;2
São José do Hortêncio;3;3
Apiúna;4;11
Bossoroca;1;2
Oriente;1;5
Porto Mauá;0;1
Lagoa do Piauí;0;2
Bom Jesus do Norte;0;3
Professor Jamil;2;13
Aracitaba;0;1
Olhos-d'Água;6;8
Rio da Conceição;0;2
Muitos Capões;1;1
Fronteira dos Vales;1;5
Fernandes Pinheiro;2;6
Morro do Pilar;1;4
Faxinalzinho;1;1
Forquetinha;1;3
Lajedão;1;2
Rafael Fernandes;2;3
Doresópolis;0;1
Aramina;3;9
Linha Nova;3;3
Santana de Cataguases;0;1
Iracema do Oeste;1;1
Nova Iorque;4;5
Queluzito;0;1
Serra Azul de Minas;1;2
Santa Cruz de Monte Castelo;1;5
São Francisco de Assis do Piauí;1;2
Doutor Pedrinho;0;6
Tupanci do Sul;0;1
Arabutã;1;1
Inúbia Paulista;0;2
Santa Rita do Itueto;0;1
Rancho Alegre D'Oeste;1;1
Cruzmaltina;1;1
Água Nova;1;1
Vila Maria;1;1
Vila Flor;1;1
Elisiário;0;2
São Félix de Minas;1;1
Santa Terezinha do Tocantins;4;10
Lajedinho;0;14
Bandeirante;1;2
Formigueiro;3;3
Pontalinda;1;3
Santa Mônica;2;2
Guaporema;1;1
São Carlos do Ivaí;2;4
Água Santa;0;4
Vila Lângaro;1;4
Ângulo;0;3
Estrela Dalva;0;2
Umburatiba;0;1
Reserva do Cabaçal;0;2
Jerumenha;2;3
Lagoa Bonita do Sul;0;1
Taquaral;1;5
Francisco Dumont;0;1
Santo Antônio do Caiuá;0;2
Carmésia;1;3
São João das Duas Pontes;0;1
Brejo Grande do Araguaia;0;3
Dom Viçoso;0;1
Poço das Antas;0;1
Carnaúba dos Dantas;0;1
Buritizal;1;5
Montauri;1;1
Guarani d'Oeste;1;3
Gavião Peixoto;1;1
Araricá;1;1
Doutor Ricardo;0;1
Boa Esperança do Iguaçu;0;1
Pouso Novo;1;1
