,Nome_Município,abstencao
0,Abaetetuba,451
1,Abaeté,100
2,Abreu e Lima,300
3,Acarape,63
4,Acaraú,427
5,Acari,32
6,Acará,68
7,Acopiara,324
8,Acrelândia,75
9,Acreúna,385
10,Adamantina,200
11,Afogados da Ingazeira,225
12,Afonso Cláudio,72
13,Afrânio,195
14,Agrestina,104
15,Agudos,94
16,Aimorés,96
17,Alagoa Grande,59
18,Alagoa Nova,67
19,Alagoinha,72
20,Alagoinhas,357
21,Alcântara,36
22,Alegre,156
23,Alegrete,169
24,Alenquer,183
25,Alexandria,58
26,Alexânia,176
27,Alfenas,292
28,Alhandra,93
29,Aliança,108
30,Almeirim,82
31,Almenara,211
32,Almirante Tamandaré,199
33,Alpinópolis,95
34,Alta Floresta,268
35,Alta Floresta D'Oeste,108
36,Altamira,453
37,Altinho,58
38,Alto Alegre,33
39,Alto Paraíso,89
40,Alto Santo,101
41,Alto do Rodrigues,68
42,Altos,184
43,Alvarães,170
44,Alvinópolis,42
45,Alvorada,382
46,Alvorada D'Oeste,113
47,Alvorada do Norte,144
48,Alvorada do Sul,68
49,Além Paraíba,157
50,Amambai,160
51,Amapá,78
52,Amarante,89
53,Amarante do Maranhão,83
54,Amargosa,105
55,Americana,614
56,Amontada,456
57,Amparo,236
58,Ampére,95
59,Amélia Rodrigues,30
60,Anagé,109
61,Anajatuba,80
62,Anajás,34
63,Anamã,70
64,Ananindeua,1558
65,Ananás,83
66,Anastácio,69
67,Anchieta,169
68,Andradas,126
69,Andradina,218
70,Andrelândia,91
71,Angicos,106
72,Angra dos Reis,475
73,Anori,40
74,Anápolis,2147
75,Aparecida,167
76,Aparecida de Goiânia,1764
77,Aparecida do Taboado,83
78,Apiaí,157
79,Apodi,145
80,Apucarana,447
81,Apuí,61
82,Aquidauana,164
83,Aquiraz,464
84,Aracaju,1707
85,Aracati,676
86,Araci,80
87,Aracoiaba,229
88,Aracruz,302
89,Aragarças,90
90,Araguanã,31
91,Araguari,317
92,Araguatins,255
93,Araguaína,1117
94,Araioses,54
95,Arame,74
96,Arapiraca,816
97,Arapoema,36
98,Arapongas,317
99,Arapoti,55
100,Araputanga,116
101,Araranguá,287
102,Araraquara,664
103,Araras,397
104,Arari,163
105,Araripe,237
106,Araripina,591
107,Araruama,327
108,Araruna,62
109,Aratuba,84
110,Araucária,486
111,Araxá,378
112,Araçatuba,745
113,Araçoiaba,113
114,Araçoiaba da Serra,74
115,Araçuaí,261
116,Arcos,114
117,Arcoverde,726
118,Areado,111
119,Areia,34
120,Areia Branca,109
121,Arenápolis,55
122,Arinos,129
123,Aripuanã,61
124,Ariquemes,530
125,Aroeiras,86
126,Arraias,105
127,Arroio Grande,40
128,Arroio do Meio,54
129,Artur Nogueira,151
130,Arujá,277
131,Assaré,395
132,Assaí,107
133,Assis,449
134,Assis Chateaubriand,141
135,Astorga,114
136,Atalaia,116
137,Atibaia,673
138,Augustinópolis,278
139,Augusto Corrêa,96
140,Auriflama,89
141,Aurora,77
142,Aurora do Pará,29
143,Autazes,444
144,Avaré,370
145,Açailândia,334
146,Açu,163
147,Bacabal,463
148,Bacuri,104
149,Baependi,63
150,Bagé,300
151,Baixa Grande,158
152,Baixo Guandu,69
153,Baião,70
154,Balneário Camboriú,407
155,Balsas,554
156,Bambuí,77
157,Banabuiú,149
158,Bananeiras,125
159,Bandeirantes,165
160,Baraúna,67
161,Barbacena,656
162,Barbalha,450
163,Barcarena,332
164,Barcelos,121
165,Barra,153
166,Barra Bonita,132
167,Barra Mansa,466
168,Barra da Estiva,163
169,Barra de Guabiraba,57
170,Barra de São Francisco,155
171,Barra do Bugres,108
172,Barra do Choça,80
173,Barra do Corda,235
174,Barra do Garças,357
175,Barra do Piraí,251
176,Barra do Turvo,26
177,Barras,221
178,Barreira,209
179,Barreiras,722
180,Barreirinha,199
181,Barreirinhas,200
182,Barreiros,352
183,Barretos,342
184,Barrinha,79
185,Barro,60
186,Barroquinha,82
187,Barueri,1124
188,Barão de Cocais,61
189,Barão de Grajaú,57
190,Bataguassu,98
191,Batalha,214
192,Batatais,207
193,Baturité,454
194,Bauru,966
195,Bayeux,190
196,Bebedouro,414
197,Beberibe,316
198,Bela Cruz,123
199,Bela Vista,100
200,Belford Roxo,729
201,Belo Horizonte,6276
202,Belo Jardim,257
203,Belo Oriente,65
204,Belém,4365
205,Belém do São Francisco,121
206,Benevides,386
207,Benjamin Constant,294
208,Bento Gonçalves,260
209,Bequimão,60
210,Bertioga,167
211,Beruri,88
212,Betim,1024
213,Bezerros,383
214,Biguaçu,173
215,Birigui,381
216,Blumenau,1277
217,Boa Esperança,253
218,Boa Viagem,373
219,Boa Vista,1546
220,Boa Vista do Ramos,215
221,Boca da Mata,64
222,Boca do Acre,279
223,Bocaiúva,121
224,Bodoquena,26
225,Boituva,216
226,Bom Conselho,169
227,Bom Despacho,134
228,Bom Jardim,296
229,Bom Jesus,257
230,Bom Jesus da Lapa,218
231,Bom Jesus de Goiás,166
232,Bom Jesus do Itabapoana,180
233,Bom Sucesso,86
234,Bonfim,22
235,Bonito,422
236,Boqueirão,89
237,Boquim,119
238,Boquira,48
239,Borba,252
240,Botucatu,415
241,Bragança,367
242,Bragança Paulista,588
243,Brasilândia de Minas,89
244,Brasiléia,91
245,Brasnorte,47
246,Brasília,8596
247,Brasília de Minas,112
248,Braço do Norte,183
249,Brejetuba,30
250,Brejinho de Nazaré,51
251,Brejo,88
252,Brejo Santo,551
253,Brejo da Madre de Deus,131
254,Brejões,27
255,Breu Branco,123
256,Breves,223
257,Brotas de Macaúbas,36
258,Brumadinho,151
259,Brumado,274
260,Brusque,549
261,Buerarema,46
262,Bujaru,53
263,Buriti Bravo,58
264,Buriti dos Lopes,139
265,Buriticupu,208
266,Buritis,232
267,Butiá,60
268,Caapiranga,103
269,Caaporã,106
270,Caarapó,115
271,Cabedelo,174
272,Cabo Frio,704
273,Cabo de Santo Agostinho,668
274,Cabreúva,120
275,Cabrobó,314
276,Cachoeira,67
277,Cachoeira Paulista,88
278,Cachoeira do Sul,115
279,Cachoeiras de Macacu,141
280,Cachoeirinha,339
281,Cachoeiro de Itapemirim,600
282,Cacimba de Dentro,47
283,Cacoal,744
284,Caculé,116
285,Caetité,210
286,Caeté,123
287,Caetés,118
288,Cafelândia,94
289,Caicó,241
290,Caieiras,227
291,Cajamar,246
292,Cajati,93
293,Cajazeiras,435
294,Cajuru,69
295,Caldas Novas,679
296,Camacan,152
297,Camamu,141
298,Camapuã,31
299,Camaquã,197
300,Camaragibe,615
301,Camaçari,580
302,Camboriú,148
303,Cambuí,233
304,Cambé,140
305,Cametá,309
306,Camocim,554
307,Camocim de São Félix,34
308,Campina Grande,1176
309,Campina Grande do Sul,124
310,Campinas,2658
311,Campo Alegre,138
312,Campo Alegre de Lourdes,28
313,Campo Belo,234
314,Campo Bom,153
315,Campo Formoso,167
316,Campo Grande,2993
317,Campo Largo,301
318,Campo Limpo Paulista,246
319,Campo Magro,50
320,Campo Maior,218
321,Campo Mourão,624
322,Campo Novo do Parecis,113
323,Campo Verde,170
324,Campo do Brito,66
325,Campos Altos,50
326,Campos Belos,393
327,Campos Gerais,94
328,Campos Novos,94
329,Campos Sales,241
330,Campos do Jordão,202
331,Campos dos Goytacazes,1246
332,Canarana,171
333,Canavieiras,49
334,Canaã dos Carajás,171
335,Candeias,247
336,Canela,221
337,Canguaretama,186
338,Canguçu,56
339,Canindé,487
340,Canindé de São Francisco,183
341,Canoas,853
342,Canoinhas,243
343,Cansanção,88
344,Canto do Buriti,109
345,Canutama,31
346,Capanema,407
347,Capela,162
348,Capelinha,161
349,Capim Grosso,186
350,Capitão Poço,184
351,Capivari,206
352,Capão Bonito,285
353,Capão da Canoa,209
354,Capão do Leão,35
355,Caracaraí,65
356,Caraguatatuba,281
357,Carangola,261
358,Carapicuíba,710
359,Caratinga,407
360,Carauari,197
361,Caravelas,62
362,Carazinho,233
363,Caraúbas,75
364,Careiro,403
365,Careiro da Várzea,133
366,Cariacica,859
367,Caridade,168
368,Carinhanha,98
369,Carira,65
370,Caririaçu,205
371,Cariré,404
372,Carlinda,47
373,Carlos Barbosa,134
374,Carlos Chagas,44
375,Carmo do Paranaíba,77
376,Carmésia,16
377,Carmópolis,108
378,Carnaubeira da Penha,13
379,Carnaíba,189
380,Carolina,151
381,Carpina,313
382,Caruaru,1358
383,Carutapera,156
384,Casa Branca,134
385,Casa Nova,63
386,Cascavel,1872
387,Casimiro de Abreu,86
388,Cassilândia,119
389,Castanhal,700
390,Castelo,87
391,Castelo do Piauí,147
392,Castro,225
393,Castro Alves,78
394,Cataguases,157
395,Catalão,560
396,Catanduva,510
397,Catende,351
398,Catolé do Rocha,277
399,Catu,94
400,Caucaia,2470
401,Caxambu,140
402,Caxias,624
403,Caxias do Sul,1175
404,Caçador,226
405,Caçapava,216
406,Caçapava do Sul,90
407,Ceará-Mirim,210
408,Cedro,183
409,Cerejeiras,161
410,Ceres,487
411,Cerqueira César,109
412,Cerquilho,110
413,Cerro Largo,99
414,Chapada dos Guimarães,39
415,Chapadinha,222
416,Chapadão do Sul,181
417,Chapecó,841
418,Charqueadas,98
419,Chaval,76
420,Chopinzinho,135
421,Cianorte,390
422,Cidade Ocidental,304
423,Clevelândia,47
424,Cláudio,108
425,Coaraci,62
426,Coari,549
427,Cocos,88
428,Codajás,244
429,Codó,313
430,Coelho Neto,177
431,Colatina,509
432,Colinas,107
433,Colinas do Tocantins,333
434,Colniza,48
435,Colombo,549
436,Colorado,102
437,Colorado do Oeste,180
438,Colíder,143
439,Comodoro,68
440,Conceição,147
441,Conceição da Barra,70
442,Conceição da Feira,34
443,Conceição do Araguaia,179
444,Conceição do Coité,123
445,Conceição do Jacuípe,90
446,Conceição do Mato Dentro,68
447,Concórdia,295
448,Concórdia do Pará,63
449,Confresa,199
450,Congonhas,116
451,Conselheiro Lafaiete,399
452,Conselheiro Pena,84
453,Contagem,1485
454,Coração de Jesus,62
455,Coração de Maria,50
456,Cordeiros,59
457,Coreaú,245
458,Corinto,67
459,Cornélio Procópio,283
460,Coroatá,254
461,Coromandel,97
462,Coronel Fabriciano,208
463,Coronel Vivida,107
464,Corrente,294
465,Correntina,82
466,Corumbá,383
467,Coruripe,158
468,Cosmópolis,177
469,Costa Rica,106
470,Cotia,600
471,Coxim,172
472,Crateús,560
473,Crato,860
474,Criciúma,769
475,Cristalina,230
476,Cristalândia,110
477,Cruz,197
478,Cruz Alta,207
479,Cruz das Almas,198
480,Cruzeiro,325
481,Cruzeiro do Sul,337
482,Cubatão,357
483,Cuiabá,1850
484,Cuité,191
485,Cupira,138
486,Curaçá,63
487,Curitiba,5277
488,Curitibanos,204
489,Currais Novos,208
490,Curralinho,69
491,Cururupu,105
492,Curuçá,211
493,Curvelo,214
494,Custódia,65
495,Cáceres,297
496,Cândido Mota,86
497,Cândido Sales,144
498,Cícero Dantas,96
499,Delmiro Gouveia,380
500,Diadema,999
501,Diamante,60
502,Diamantina,243
503,Diamantino,82
504,Dianópolis,270
505,Dias d'Ávila,150
506,Dionísio Cerqueira,89
507,Divinópolis,673
508,Dois Irmãos,84
509,Dois Irmãos do Buriti,30
510,Dois Vizinhos,206
511,Dom Eliseu,164
512,Dom Pedrito,53
513,Dom Pedro,157
514,Domingos Martins,85
515,Dourados,767
516,Dracena,335
517,Duque de Caxias,2034
518,Ecoporanga,46
519,Eirunepé,154
520,Eldorado,67
521,Eldorado do Carajás,89
522,Eldorado do Sul,89
523,Embu das Artes,603
524,Embu-Guaçu,228
525,Encantado,118
526,Encruzilhada do Sul,51
527,Engenheiro Caldas,62
528,Entre Rios,79
529,Entre Rios de Minas,88
530,Envira,145
531,Epitaciolândia,48
532,Erechim,390
533,Ervália,42
534,Escada,634
535,Esmeraldas,88
536,Esperantina,207
537,Esperantinópolis,103
538,Esperança,140
539,Espigão D'Oeste,274
540,Espinosa,79
541,Esplanada,172
542,Espumoso,82
543,Espírito Santo do Pinhal,130
544,Esteio,191
545,Estreito,92
546,Estrela,94
547,Estância,204
548,Estância Velha,128
549,Euclides da Cunha,163
550,Eunápolis,381
551,Eusébio,706
552,Extrema,152
553,Extremoz,84
554,Exu,215
555,Farias Brito,149
556,Farroupilha,164
557,Fazenda Rio Grande,323
558,Feijó,57
559,Feira de Santana,1357
560,Feliz Natal,35
561,Fernando de Noronha,11
562,Fernandópolis,323
563,Ferraz de Vasconcelos,354
564,Floresta,158
565,Floresta do Araguaia,56
566,Floriano,336
567,Florianópolis,1123
568,Fonte Boa,153
569,Formiga,227
570,Formosa,809
571,Formosa da Serra Negra,74
572,Formosa do Rio Preto,79
573,Formoso do Araguaia,109
574,Forquilha,384
575,Fortaleza,15052
576,Foz do Iguaçu,750
577,Fraiburgo,71
578,Franca,1523
579,Francisco Beltrão,369
580,Francisco Morato,321
581,Francisco Sá,62
582,Franco da Rocha,272
583,Frederico Westphalen,225
584,Frutal,193
585,Fátima do Sul,104
586,Gandu,181
587,Garanhuns,924
588,Gararu,117
589,Garibaldi,58
590,Garopaba,71
591,Garça,160
592,Getúlio Vargas,52
593,Girau do Ponciano,162
594,Giruá,41
595,Glória do Goitá,144
596,Goiana,525
597,Goianinha,111
598,Goianira,419
599,Goianésia,617
600,Goianésia do Pará,71
601,Goiatuba,302
602,Goioerê,134
603,Goiás,760
604,Goiânia,5895
605,Governador Mangabeira,47
606,Governador Nunes Freire,101
607,Governador Valadares,936
608,Grajaú,324
609,Granja,422
610,Gravataí,566
611,Gravatá,351
612,Guajará-Mirim,301
613,Guanambi,291
614,Guanhães,182
615,Guapimirim,110
616,Guaporé,78
617,Guarabira,332
618,Guaraciaba do Norte,537
619,Guaramirim,89
620,Guarantã do Norte,168
621,Guarapari,363
622,Guarapuava,670
623,Guararapes,108
624,Guaratinguetá,330
625,Guaratuba,113
626,Guaraí,228
627,Guarujá,797
628,Guarulhos,3055
629,Guaxupé,168
630,Guaçuí,99
631,Guaíba,256
632,Guaíra,321
633,Guiratinga,28
634,Gurupi,647
635,Hidrolândia,124
636,Horizonte,631
637,Horizontina,59
638,Hortolândia,609
639,Humaitá,310
640,Humberto de Campos,72
641,Ibaiti,194
642,Ibaté,62
643,Ibiapina,173
644,Ibicaraí,112
645,Ibimirim,146
646,Ibiporã,159
647,Ibirité,441
648,Ibitinga,219
649,Ibititá,92
650,Ibiúna,183
651,Ibotirama,90
652,Icapuí,101
653,Icatu,133
654,Icó,369
655,Igaci,108
656,Igarapé,138
657,Igarapé-Açu,203
658,Igarapé-Miri,122
659,Igarassu,514
660,Igrejinha,117
661,Iguaba Grande,71
662,Iguape,94
663,Iguatu,623
664,Ijuí,234
665,Ilha Solteira,82
666,Ilhabela,82
667,Ilhéus,516
668,Imbituba,146
669,Imbé,50
670,Imperatriz,1127
671,Inconfidentes,101
672,Indaial,179
673,Indaiatuba,554
674,Independência,137
675,Indiaroba,82
676,Ingá,137
677,Inhambupe,152
678,Inhapim,96
679,Inhumas,357
680,Ipameri,101
681,Ipanguaçu,43
682,Ipatinga,774
683,Ipiaú,203
684,Ipirá,162
685,Ipixuna,39
686,Ipojuca,362
687,Iporá,343
688,Ipu,295
689,Ipueiras,218
690,Iracema,118
691,Iranduba,238
692,Iraquara,89
693,Irará,67
694,Irati,276
695,Irauçuba,368
696,Irecê,257
697,Itabaiana,474
698,Itabaianinha,323
699,Itabela,49
700,Itaberaba,592
701,Itaberaí,410
702,Itabira,274
703,Itabirito,157
704,Itaboraí,560
705,Itabuna,625
706,Itacajá,121
707,Itacarambi,64
708,Itacoatiara,1023
709,Itaguaí,346
710,Itaitinga,301
711,Itaituba,353
712,Itajaí,832
713,Itajubá,536
714,Itajuípe,63
715,Itamaraju,131
716,Itamarandiba,130
717,Itamarati,48
718,Itambé,277
719,Itanhaém,287
720,Itanhém,28
721,Itaobim,131
722,Itaocara,131
723,Itapaci,465
724,Itapajé,289
725,Itaparica,30
726,Itapecerica da Serra,478
727,Itapecuru Mirim,323
728,Itapema,280
729,Itapemirim,91
730,Itaperuna,552
731,Itapetinga,359
732,Itapetininga,532
733,Itapeva,811
734,Itapevi,604
735,Itapipoca,1128
736,Itapira,151
737,Itapiranga,97
738,Itaporanga,346
739,Itaporanga d'Ajuda,232
740,Itapororoca,61
741,Itaporã,48
742,Itapuranga,234
743,Itaquaquecetuba,500
744,Itaqui,86
745,Itaquiraí,105
746,Itararé,256
747,Itarema,361
748,Itatiba,280
749,Itatira,193
750,Itaí,127
751,Itaúna,246
752,Itinga do Maranhão,51
753,Itiquira,34
754,Itu,464
755,Ituberá,102
756,Ituiutaba,361
757,Itumbiara,983
758,Itupeva,175
759,Itupiranga,81
760,Ituporanga,181
761,Iturama,192
762,Ituverava,245
763,Itápolis,136
764,Ivaiporã,344
765,Ivaí,53
766,Ivinhema,177
767,Ivoti,66
768,Içara,150
769,Iúna,214
770,Jaboatão dos Guararapes,1374
771,Jaboticabal,290
772,Jacaraú,53
773,Jacarezinho,203
774,Jacareí,439
775,Jaciara,104
776,Jacinto,65
777,Jacobina,467
778,Jacundá,87
779,Jaguaquara,309
780,Jaguarari,121
781,Jaguaretama,75
782,Jaguariaíva,99
783,Jaguaribe,317
784,Jaguariúna,299
785,Jaguaruana,198
786,Jaguarão,45
787,Jaguaré,72
788,Jales,304
789,Janaúba,230
790,Jandaia do Sul,205
791,Jandira,290
792,Januária,212
793,Japaratuba,74
794,Japeri,237
795,Japurá,61
796,Jaraguá,364
797,Jaraguá do Sul,482
798,Jardim,443
799,Jardim de Piranhas,43
800,Jardinópolis,81
801,Jaru,520
802,Jataí,612
803,Jateí,32
804,Jaíba,94
805,Jaú,585
806,Jequitinhonha,71
807,Jequié,513
808,Jeremoabo,103
809,Ji-Paraná,851
810,Jijoca de Jericoacoara,102
811,Jiquiriçá,44
812,Joaçaba,302
813,Joinville,1976
814,Jordão,11
815,José Bonifácio,213
816,José de Freitas,66
817,João Câmara,197
818,João Dourado,81
819,João Lisboa,118
820,João Monlevade,260
821,João Neiva,56
822,João Pessoa,1922
823,João Pinheiro,125
824,Juara,120
825,Juatuba,67
826,Juazeirinho,93
827,Juazeiro,564
828,Juazeiro do Norte,1828
829,Jucurutu,46
830,Jucás,382
831,Juiz de Fora,1378
832,Jundiaí,1250
833,Juquitiba,104
834,Juruena,46
835,Juruti,158
836,Jussara,371
837,Jutaí,106
838,Juína,189
839,Júlio de Castilhos,86
840,Ladainha,43
841,Ladário,55
842,Lagarto,362
843,Lages,670
844,Lago da Pedra,183
845,Lagoa Grande,123
846,Lagoa Santa,167
847,Lagoa Vermelha,80
848,Lagoa da Prata,212
849,Lagoa de Itaenga,181
850,Laguna,120
851,Lajeado,216
852,Lajedo,284
853,Lambari,91
854,Lapa,117
855,Lapão,62
856,Laranjal do Jari,220
857,Laranjeiras,21
858,Laranjeiras do Sul,266
859,Lauro de Freitas,489
860,Lavras,353
861,Lavras da Mangabeira,193
862,Leme,215
863,Lençóis Paulista,214
864,Leopoldina,151
865,Lima Duarte,41
866,Limeira,922
867,Limoeiro,318
868,Limoeiro do Ajuru,65
869,Limoeiro do Norte,404
870,Linhares,513
871,Lins,315
872,Livramento de Nossa Senhora,59
873,Loanda,209
874,Londrina,1397
875,Lontra,93
876,Lorena,244
877,Louveira,134
878,Lucas do Rio Verde,270
879,Luz,97
880,Luzilândia,143
881,Luziânia,746
882,Luís Eduardo Magalhães,268
883,Luís Gomes,27
884,Lábrea,140
885,Macaparana,205
886,Macapá,1765
887,Macau,151
888,Macaé,692
889,Macaíba,171
890,Macaúbas,114
891,Maceió,2311
892,Machacalis,48
893,Machadinho,57
894,Machadinho D'Oeste,142
895,Machado,118
896,Madalena,229
897,Mafra,304
898,Magé,680
899,Mairinque,159
900,Mairiporã,168
901,Malacacheta,86
902,Mamanguape,156
903,Mambaí,97
904,Manacapuru,903
905,Manaquiri,132
906,Manaus,14076
907,Mandirituba,84
908,Manga,78
909,Mangaratiba,91
910,Manhuaçu,630
911,Manhumirim,108
912,Manicoré,216
913,Mantena,106
914,Marabá,934
915,Maracaju,112
916,Maracanaú,1561
917,Maracaçumé,112
918,Maracás,136
919,Maragogipe,36
920,Maranguape,915
921,Marataízes,111
922,Marau,124
923,Maravilha,227
924,Maraã,107
925,Marcelândia,31
926,Marco,283
927,Marechal Cândido Rondon,196
928,Marechal Deodoro,135
929,Marechal Thaumaturgo,27
930,Mari,57
931,Marialva,69
932,Mariana,159
933,Maricá,377
934,Maringá,1367
935,Marituba,444
936,Martinópolis,65
937,Maruim,69
938,Marília,680
939,Massapê,327
940,Mata de São João,106
941,Mateus Leme,72
942,Matinha,61
943,Matinhos,143
944,Matozinhos,104
945,Matão,365
946,Mauriti,208
947,Mauá,1039
948,Mauá da Serra,86
949,Maués,301
950,Mazagão,57
951,Medeiros Neto,73
952,Medianeira,264
953,Mesquita,291
954,Miguel Alves,64
955,Miguel Calmon,152
956,Miguel Pereira,128
957,Milagres,261
958,Mimoso do Sul,91
959,Minas Novas,102
960,Minaçu,137
961,Mineiros,707
962,Miracatu,83
963,Miracema,58
964,Miracema do Tocantins,197
965,Miranda,93
966,Mirandiba,51
967,Mirandópolis,86
968,Mirante da Serra,89
969,Mirante do Paranapanema,43
970,Mirassol,197
971,Mirassol d'Oeste,95
972,Mirinzal,164
973,Missão Velha,209
974,Mocajuba,105
975,Mococa,242
976,Mogi Guaçu,473
977,Mogi Mirim,240
978,Mogi das Cruzes,1329
979,Moju,177
980,Mombaça,395
981,Mongaguá,127
982,Monsenhor Gil,58
983,Monsenhor Tabosa,243
984,Montanha,94
985,Monte Alegre,217
986,Monte Alegre de Sergipe,27
987,Monte Alto,133
988,Monte Aprazível,127
989,Monte Azul,70
990,Monte Carmelo,188
991,Monte Mor,122
992,Monte Negro,65
993,Monte Santo,74
994,Monte Sião,103
995,Monteiro,235
996,Montenegro,266
997,Montes Altos,154
998,Montes Claros,1221
999,Morada Nova,336
1000,Moreno,128
1001,Morrinhos,455
1002,Morro do Chapéu,180
1003,Mossoró,701
1004,Mostardas,48
1005,Mucajaí,41
1006,Mucuri,82
1007,Mulungu,59
1008,Muriaé,404
1009,Muritiba,28
1010,Mutum,52
1011,Mutuípe,64
1012,Muzambinho,129
1013,Mâncio Lima,55
1014,Mãe do Rio,118
1015,Nanuque,103
1016,Natal,1991
1017,Natividade,91
1018,Navegantes,331
1019,Naviraí,143
1020,Nazaré,166
1021,Nazaré da Mata,214
1022,Nepomuceno,62
1023,Nerópolis,290
1024,Neópolis,314
1025,Nhamundá,380
1026,Nilópolis,497
1027,Nioaque,35
1028,Niquelândia,197
1029,Niterói,1227
1030,Nossa Senhora Aparecida,17
1031,Nossa Senhora da Glória,181
1032,Nossa Senhora das Dores,120
1033,Nossa Senhora do Livramento,20
1034,Nossa Senhora do Socorro,546
1035,Nova Andradina,273
1036,Nova Brasilândia D'Oeste,174
1037,Nova Cruz,158
1038,Nova Era,57
1039,Nova Esperança,125
1040,Nova Friburgo,716
1041,Nova Iguaçu,2031
1042,Nova Lima,242
1043,Nova Mutum,150
1044,Nova Odessa,137
1045,Nova Olinda,201
1046,Nova Olinda do Norte,256
1047,Nova Olímpia,39
1048,Nova Petrópolis,88
1049,Nova Prata,91
1050,Nova Russas,383
1051,Nova Serrana,333
1052,Nova Venécia,170
1053,Nova Viçosa,52
1054,Nova Xavantina,81
1055,Novo Acordo,75
1056,Novo Airão,197
1057,Novo Aripuanã,143
1058,Novo Cruzeiro,125
1059,Novo Gama,313
1060,Novo Hamburgo,428
1061,Novo Horizonte,120
1062,Novo Oriente,211
1063,Novo Progresso,85
1064,Novo Repartimento,101
1065,Nísia Floresta,34
1066,Ocara,187
1067,Oeiras,184
1068,Oeiras do Pará,46
1069,Oiapoque,69
1070,Olho d'Água das Flores,132
1071,Olinda,835
1072,Oliveira,212
1073,Oliveira dos Brejinhos,35
1074,Olímpia,220
1075,Oriximiná,266
1076,Orleans,177
1077,Orlândia,180
1078,Orobó,131
1079,Orós,98
1080,Osasco,1303
1081,Osvaldo Cruz,125
1082,Osório,158
1083,Ouricuri,462
1084,Ourinhos,512
1085,Ouro Branco,83
1086,Ouro Fino,139
1087,Ouro Preto,206
1088,Ouro Preto do Oeste,180
1089,Ourém,40
1090,Pacajus,662
1091,Pacajá,102
1092,Pacatuba,730
1093,Pacoti,166
1094,Padre Bernardo,131
1095,Padre Paraíso,96
1096,Paiçandu,72
1097,Palhoça,531
1098,Palmares,505
1099,Palmas,1565
1100,Palmas de Monte Alto,36
1101,Palmeira,77
1102,Palmeira das Missões,105
1103,Palmeira dos Índios,383
1104,Palmeirópolis,117
1105,Palmitos,123
1106,Palotina,160
1107,Panambi,151
1108,Panelas,319
1109,Paracambi,114
1110,Paracatu,267
1111,Paracuru,203
1112,Paragominas,335
1113,Paraguaçu Paulista,134
1114,Paraipaba,292
1115,Parambu,241
1116,Paramirim,154
1117,Paranaguá,594
1118,Paranatinga,53
1119,Paranavaí,457
1120,Paranaíba,138
1121,Paraopeba,55
1122,Paratinga,29
1123,Paraty,139
1124,Parauapebas,792
1125,Paraíba do Sul,89
1126,Paraíso do Tocantins,473
1127,Parelhas,106
1128,Parintins,991
1129,Paripiranga,66
1130,Parnamirim,524
1131,Parnarama,137
1132,Parnaíba,613
1133,Parobé,152
1134,Pará de Minas,331
1135,Passira,166
1136,Passo Fundo,497
1137,Passos,398
1138,Pato Branco,269
1139,Patos,698
1140,Patos de Minas,613
1141,Patrocínio,309
1142,Patu,98
1143,Pau dos Ferros,304
1144,Paudalho,198
1145,Pauini,108
1146,Paulista,724
1147,Paulistana,125
1148,Paulo Afonso,393
1149,Paulínia,332
1150,Paço do Lumiar,300
1151,Pederneiras,141
1152,Pedra Branca,262
1153,Pedra Preta,46
1154,Pedreira,85
1155,Pedreiras,246
1156,Pedro Afonso,253
1157,Pedro Canário,78
1158,Pedro II,138
1159,Pedro Leopoldo,127
1160,Peixe,49
1161,Peixoto de Azevedo,119
1162,Pelotas,652
1163,Penalva,74
1164,Penedo,237
1165,Pentecoste,274
1166,Penápolis,197
1167,Pereira Barreto,87
1168,Peruíbe,265
1169,Pesqueira,339
1170,Petrolina,1208
1171,Petrolândia,256
1172,Petrópolis,772
1173,Piancó,165
1174,Picos,600
1175,Picuí,120
1176,Piedade,145
1177,Pilar,155
1178,Pilar do Sul,75
1179,Pilão Arcado,49
1180,Pimenta Bueno,286
1181,Pindamonhangaba,474
1182,Pindaré-Mirim,114
1183,Pindobaçu,105
1184,Pindoretama,238
1185,Pinhais,384
1186,Pinheiro,363
1187,Pinheiros,97
1188,Pinhão,111
1189,Pio IX,64
1190,Pio XII,80
1191,Piracanjuba,360
1192,Piracicaba,1184
1193,Piracuruca,196
1194,Piraju,236
1195,Pirajuí,69
1196,Piranga,75
1197,Pirapora,172
1198,Piraquara,215
1199,Pirassununga,255
1200,Piratini,38
1201,Pirenópolis,289
1202,Pires do Rio,258
1203,Piripiri,248
1204,Pitanga,216
1205,Pitangueiras,67
1206,Pitangui,67
1207,Piumhi,148
1208,Planaltina,755
1209,Plácido de Castro,41
1210,Pocinhos,31
1211,Poconé,68
1212,Pojuca,81
1213,Pombal,274
1214,Pompéu,70
1215,Ponta Grossa,1104
1216,Ponta Porã,386
1217,Ponta de Pedras,68
1218,Pontal,107
1219,Ponte Nova,297
1220,Pontes e Lacerda,212
1221,Porangatu,579
1222,Porecatu,19
1223,Portalegre,23
1224,Porteiras,116
1225,Porteirinha,135
1226,Portel,129
1227,Porto Acre,25
1228,Porto Alegre,3209
1229,Porto Calvo,202
1230,Porto Esperidião,43
1231,Porto Feliz,150
1232,Porto Ferreira,226
1233,Porto Franco,122
1234,Porto Grande,147
1235,Porto Murtinho,28
1236,Porto Nacional,374
1237,Porto Seguro,433
1238,Porto União,158
1239,Porto Velho,2525
1240,Porto Walter,16
1241,Porto da Folha,117
1242,Porto de Moz,95
1243,Posse,522
1244,Pouso Alegre,634
1245,Poxoréu,33
1246,Poá,369
1247,Poço Redondo,97
1248,Poço Verde,76
1249,Poços de Caldas,541
1250,Poções,273
1251,Prado,53
1252,Praia Grande,1019
1253,Prainha,66
1254,Presidente Dutra,278
1255,Presidente Epitácio,92
1256,Presidente Figueiredo,239
1257,Presidente Médici,115
1258,Presidente Prudente,1020
1259,Presidente Tancredo Neves,58
1260,Presidente Venceslau,138
1261,Primavera do Leste,202
1262,Princesa Isabel,135
1263,Promissão,102
1264,Propriá,344
1265,Prudentópolis,124
1266,Quaraí,41
1267,Quatro Barras,71
1268,Quedas do Iguaçu,109
1269,Queimadas,112
1270,Queimados,360
1271,Querência,108
1272,Quilombo,45
1273,Quirinópolis,359
1274,Quissamã,59
1275,Quiterianópolis,107
1276,Quixadá,939
1277,Quixeramobim,597
1278,Rancharia,148
1279,Raposa,80
1280,Realeza,148
1281,Recife,4900
1282,Redenção,568
1283,Regeneração,64
1284,Registro,404
1285,Remanso,167
1286,Remígio,40
1287,Resende,434
1288,Riacho de Santana,62
1289,Riachuelo,97
1290,Riachão das Neves,42
1291,Riachão do Jacuípe,115
1292,Ribas do Rio Pardo,69
1293,Ribeira do Pombal,287
1294,Ribeirão,330
1295,Ribeirão Pires,294
1296,Ribeirão Preto,1457
1297,Ribeirão das Neves,632
1298,Rio Bonito,200
1299,Rio Branco,1341
1300,Rio Branco do Sul,176
1301,Rio Brilhante,131
1302,Rio Claro,619
1303,Rio Formoso,256
1304,Rio Grande,472
1305,Rio Grande da Serra,107
1306,Rio Largo,295
1307,Rio Negrinho,121
1308,Rio Negro,84
1309,Rio Pardo,85
1310,Rio Pardo de Minas,69
1311,Rio Preto da Eva,156
1312,Rio Real,85
1313,Rio Tinto,104
1314,Rio Verde,1514
1315,Rio Verde de Mato Grosso,52
1316,Rio das Ostras,566
1317,Rio de Contas,38
1318,Rio de Janeiro,12477
1319,Rio do Sul,518
1320,Rolim de Moura,342
1321,Rolândia,152
1322,Rondon do Pará,99
1323,Rondonópolis,709
1324,Rorainópolis,77
1325,Rosana,66
1326,Rosário,180
1327,Rosário Oeste,117
1328,Rosário do Sul,51
1329,Rubiataba,151
1330,Rurópolis,93
1331,Russas,442
1332,Ruy Barbosa,225
1333,Sabará,186
1334,Salgueiro,537
1335,Salinas,199
1336,Salinópolis,186
1337,Salto,266
1338,Salto de Pirapora,104
1339,Salvador,5437
1340,Salvaterra,117
1341,Sant'Ana do Livramento,192
1342,Santa Bárbara,62
1343,Santa Bárbara d'Oeste,361
1344,Santa Cruz,196
1345,Santa Cruz do Capibaribe,437
1346,Santa Cruz do Rio Pardo,209
1347,Santa Cruz do Sul,417
1348,Santa Fé do Araguaia,67
1349,Santa Fé do Sul,168
1350,Santa Helena,294
1351,Santa Helena de Goiás,445
1352,Santa Inês,415
1353,Santa Isabel,103
1354,Santa Isabel do Rio Negro,50
1355,Santa Izabel do Pará,244
1356,Santa Luzia,753
1357,Santa Luzia do Paruá,116
1358,Santa Maria,578
1359,Santa Maria da Boa Vista,122
1360,Santa Maria da Vitória,179
1361,Santa Maria de Jetibá,158
1362,Santa Maria do Suaçuí,94
1363,Santa Quitéria,202
1364,Santa Rita,400
1365,Santa Rita de Cássia,110
1366,Santa Rita do Sapucaí,183
1367,Santa Rosa,272
1368,Santa Rosa de Lima,17
1369,Santa Rosa de Viterbo,77
1370,Santa Rosa do Purus,8
1371,Santa Teresa,75
1372,Santa Terezinha de Itaipu,69
1373,Santa Vitória do Palmar,75
1374,Santaluz,96
1375,Santana,591
1376,Santana de Parnaíba,734
1377,Santana do Acaraú,110
1378,Santana do Araguaia,85
1379,Santana do Cariri,111
1380,Santana do Ipanema,341
1381,Santarém,1291
1382,Santiago,149
1383,Santo Amaro,146
1384,Santo André,2127
1385,Santo Antônio,143
1386,Santo Antônio da Patrulha,108
1387,Santo Antônio da Platina,277
1388,Santo Antônio de Jesus,296
1389,Santo Antônio de Pádua,132
1390,Santo Antônio do Descoberto,227
1391,Santo Antônio do Içá,151
1392,Santo Antônio do Leverger,38
1393,Santo Estêvão,163
1394,Santo Ângelo,222
1395,Santos,1238
1396,Santos Dumont,99
1397,Sapeaçu,69
1398,Sapezal,95
1399,Sapiranga,205
1400,Sapucaia do Sul,296
1401,Sapé,201
1402,Saquarema,184
1403,Sarandi,259
1404,Seabra,275
1405,Seara,61
1406,Sena Madureira,76
1407,Senador Canedo,474
1408,Senador Guiomard,70
1409,Senador Pompeu,170
1410,Senhor do Bonfim,310
1411,Sento Sé,38
1412,Seropédica,293
1413,Serra,1141
1414,Serra Dourada,41
1415,Serra Talhada,464
1416,Serra do Ramalho,57
1417,Serrana,83
1418,Serrinha,324
1419,Serro,76
1420,Sertânia,71
1421,Sertãozinho,358
1422,Sete Lagoas,633
1423,Sete Quedas,77
1424,Sidrolândia,123
1425,Silves,172
1426,Silvânia,289
1427,Simão Dias,120
1428,Simões Filho,259
1429,Sinop,664
1430,Sobradinho,153
1431,Sobral,1539
1432,Socorro,158
1433,Soledade,194
1434,Solonópole,225
1435,Solânea,124
1436,Sombrio,216
1437,Sooretama,61
1438,Sorocaba,1610
1439,Sorriso,381
1440,Soure,48
1441,Sousa,306
1442,Sumaré,726
1443,Sumé,167
1444,Surubim,539
1445,Suzano,816
1446,São Benedito,435
1447,São Bento,322
1448,São Bento do Sul,267
1449,São Bento do Una,187
1450,São Bernardo,298
1451,São Bernardo do Campo,1794
1452,São Borja,155
1453,São Caetano do Sul,754
1454,São Caitano,156
1455,São Carlos,545
1456,São Cristóvão,197
1457,São Domingos do Capim,61
1458,São Domingos do Maranhão,142
1459,São Felipe,36
1460,São Fidélis,107
1461,São Francisco,175
1462,São Francisco de Itabapoana,119
1463,São Francisco do Conde,71
1464,São Francisco do Guaporé,150
1465,São Francisco do Sul,134
1466,São Félix,17
1467,São Félix do Araguaia,72
1468,São Félix do Xingu,137
1469,São Gabriel,117
1470,São Gabriel da Cachoeira,151
1471,São Gabriel da Palha,173
1472,São Gabriel do Oeste,117
1473,São Geraldo do Araguaia,98
1474,São Gonçalo,1728
1475,São Gonçalo do Amarante,561
1476,São Gonçalo do Sapucaí,63
1477,São Gonçalo dos Campos,40
1478,São Gotardo,157
1479,São Jerônimo,100
1480,São Joaquim,83
1481,São Joaquim da Barra,156
1482,São Joaquim de Bicas,48
1483,São José,597
1484,São José da Lapa,88
1485,São José da Tapera,132
1486,São José de Mipibu,86
1487,São José de Piranhas,49
1488,São José de Ribamar,333
1489,São José do Belmonte,126
1490,São José do Egito,245
1491,São José do Norte,42
1492,São José do Rio Claro,57
1493,São José do Rio Pardo,201
1494,São José do Rio Preto,1708
1495,São José dos Campos,1926
1496,São José dos Pinhais,841
1497,São José dos Quatro Marcos,50
1498,São João Evangelista,98
1499,São João Nepomuceno,77
1500,São João da Baliza,56
1501,São João da Boa Vista,373
1502,São João de Meriti,967
1503,São João del Rei,337
1504,São João do Paraíso,82
1505,São João do Piauí,282
1506,São João do Rio do Peixe,76
1507,São João dos Patos,219
1508,São Leopoldo,494
1509,São Lourenço,312
1510,São Lourenço da Mata,289
1511,São Lourenço do Oeste,130
1512,São Lourenço do Sul,47
1513,São Luiz Gonzaga,151
1514,São Luís,3342
1515,São Luís de Montes Belos,717
1516,São Luís do Quitunde,202
1517,São Manuel,127
1518,São Marcos,47
1519,São Mateus,267
1520,São Mateus do Maranhão,99
1521,São Mateus do Sul,135
1522,São Miguel,154
1523,São Miguel Arcanjo,87
1524,São Miguel do Araguaia,298
1525,São Miguel do Guamá,216
1526,São Miguel do Guaporé,137
1527,São Miguel do Iguaçu,68
1528,São Miguel do Oeste,268
1529,São Miguel dos Campos,161
1530,São Paulo,21647
1531,São Paulo de Olivença,195
1532,São Pedro da Aldeia,225
1533,São Pedro do Piauí,35
1534,São Raimundo Nonato,186
1535,São Raimundo das Mangabeiras,89
1536,São Romão,32
1537,São Roque,304
1538,São Sebastião,306
1539,São Sebastião da Boa Vista,68
1540,São Sebastião de Lagoa de Roça,15
1541,São Sebastião do Paraíso,293
1542,São Sebastião do Passé,72
1543,São Sepé,36
1544,São Vicente,771
1545,São Vicente Ferrer,101
1546,São Vicente do Seridó,31
1547,São Vicente do Sul,56
1548,Sítio Novo do Tocantins,115
1549,Tabatinga,222
1550,Tabira,266
1551,Taboão da Serra,909
1552,Tabuleiro do Norte,242
1553,Taguatinga,103
1554,Tailândia,228
1555,Taiobeiras,88
1556,Taió,119
1557,Tamboril,292
1558,Tangará da Serra,317
1559,Tapauá,41
1560,Tapejara,99
1561,Taperoá,21
1562,Tapiratiba,60
1563,Taquara,221
1564,Taquari,73
1565,Taquaritinga,188
1566,Tarauacá,98
1567,Tartarugalzinho,29
1568,Tatuí,393
1569,Taubaté,1073
1570,Tauá,521
1571,Tavares,89
1572,Tefé,592
1573,Teixeira de Freitas,364
1574,Tejuçuoca,184
1575,Telêmaco Borba,337
1576,Teodoro Sampaio,70
1577,Teotônio Vilela,268
1578,Teresina,2603
1579,Teresópolis,510
1580,Terra Nova do Norte,57
1581,Teutônia,87
1582,Teófilo Otoni,461
1583,Tianguá,538
1584,Tibau,36
1585,Tietê,178
1586,Tijucas,194
1587,Timbaúba,323
1588,Timbiras,70
1589,Timbó,211
1590,Timon,554
1591,Timóteo,195
1592,Tobias Barreto,160
1593,Tocantinópolis,153
1594,Toledo,512
1595,Tomé-Açu,204
1596,Tonantins,160
1597,Torres,179
1598,Touros,80
1599,Traipu,83
1600,Trairi,262
1601,Tramandaí,191
1602,Trindade,1179
1603,Triunfo,130
1604,Três Corações,286
1605,Três Lagoas,458
1606,Três Marias,86
1607,Três Passos,207
1608,Três Pontas,170
1609,Três Rios,321
1610,Três de Maio,92
1611,Tubarão,534
1612,Tucano,75
1613,Tucumã,181
1614,Tucuruí,323
1615,Tuntum,56
1616,Tupaciguara,71
1617,Tupã,279
1618,Turiaçu,79
1619,Turmalina,92
1620,Tutóia,173
1621,Uarini,111
1622,Uauá,57
1623,Ubaitaba,134
1624,Ubajara,283
1625,Ubatuba,170
1626,Ubaíra,46
1627,Uberaba,1287
1628,Uberlândia,1722
1629,Ubiratã,150
1630,Ubá,455
1631,Uibaí,28
1632,Uiraúna,65
1633,Umarizal,46
1634,Umbaúba,218
1635,Umburanas,43
1636,Umuarama,597
1637,Una,24
1638,Unaí,289
1639,União,133
1640,União da Vitória,407
1641,União dos Palmares,371
1642,Urandi,19
1643,Urbano Santos,90
1644,Uruará,105
1645,Uruaçu,445
1646,Uruburetama,235
1647,Urucará,236
1648,Urucurituba,165
1649,Uruguaiana,269
1650,Uruoca,160
1651,Uruçuí,163
1652,Vacaria,160
1653,Valente,71
1654,Valença,548
1655,Valença do Piauí,239
1656,Valinhos,336
1657,Valparaíso de Goiás,651
1658,Vargem Grande,82
1659,Vargem Grande Paulista,173
1660,Vargem Grande do Sul,123
1661,Varginha,450
1662,Varjota,150
1663,Vassouras,180
1664,Vazante,78
1665,Venda Nova do Imigrante,159
1666,Venâncio Aires,130
1667,Vera Cruz,194
1668,Veranópolis,37
1669,Vespasiano,232
1670,Viamão,449
1671,Viana,321
1672,Vicência,116
1673,Videira,230
1674,Vigia,223
1675,Vila Rica,44
1676,Vila Velha,1038
1677,Vilhena,806
1678,Vinhedo,220
1679,Virginópolis,88
1680,Visconde do Rio Branco,109
1681,Vitorino Freire,130
1682,Vitória,1003
1683,Vitória da Conquista,1008
1684,Vitória de Santo Antão,652
1685,Viçosa,487
1686,Viçosa do Ceará,590
1687,Volta Redonda,1009
1688,Votorantim,254
1689,Votuporanga,499
1690,Várzea Alegre,298
1691,Várzea Grande,817
1692,Várzea Paulista,228
1693,Várzea da Palma,72
1694,Wanderlândia,99
1695,Wenceslau Braz,196
1696,Xambioá,42
1697,Xanxerê,270
1698,Xapuri,43
1699,Xaxim,92
1700,Xinguara,219
1701,Xique-Xique,137
1702,Zé Doca,101
1703,Água Boa,93
1704,Água Branca,351
1705,Água Clara,51
1706,Água Doce do Norte,56
1707,Água Preta,165
1708,Águas Belas,389
1709,Águas Formosas,94
1710,Águas Lindas de Goiás,765
1711,Óbidos,136
